month,cotton_a
1960M01,0.65
1960M02,0.65
1960M03,0.65
1960M04,0.64
1960M05,0.65
1960M06,0.66
1960M07,0.66
1960M08,0.65
1960M09,0.66
1960M10,0.67
1960M11,0.67
1960M12,0.66
1961M01,0.66
1961M02,0.68
1961M03,0.67
1961M04,0.67
1961M05,0.68
1961M06,0.68
1961M07,0.68
1961M08,0.67
1961M09,0.67
1961M10,0.68
1961M11,0.66
1961M12,0.66
1962M01,0.66
1962M02,0.66
1962M03,0.66
1962M04,0.66
1962M05,0.66
1962M06,0.66
1962M07,0.65
1962M08,0.64
1962M09,0.63
1962M10,0.63
1962M11,0.63
1962M12,0.65
1963M01,0.66
1963M02,0.65
1963M03,0.65
1963M04,0.64
1963M05,0.64
1963M06,0.64
1963M07,0.64
1963M08,0.64
1963M09,0.65
1963M10,0.65
1963M11,0.64
1963M12,0.64
1964M01,0.66
1964M02,0.66
1964M03,0.65
1964M04,0.65
1964M05,0.66
1964M06,0.66
1964M07,0.65
1964M08,0.64
1964M09,0.65
1964M10,0.65
1964M11,0.64
1964M12,0.64
1965M01,0.64
1965M02,0.67
1965M03,0.65
1965M04,0.65
1965M05,0.65
1965M06,0.63
1965M07,0.63
1965M08,0.63
1965M09,0.63
1965M10,0.62
1965M11,0.62
1965M12,0.62
1966M01,0.62
1966M02,0.62
1966M03,0.64
1966M04,0.62
1966M05,0.62
1966M06,0.62
1966M07,0.62
1966M08,0.62
1966M09,0.61
1966M10,0.63
1966M11,0.63
1966M12,0.63
1967M01,0.64
1967M02,0.66
1967M03,0.66
1967M04,0.66
1967M05,0.66
1967M06,0.67
1967M07,0.67
1967M08,0.68
1967M09,0.69
1967M10,0.7
1967M11,0.71
1967M12,0.72
1968M01,0.72
1968M02,0.71
1968M03,0.71
1968M04,0.71
1968M05,0.71
1968M06,0.7
1968M07,0.69
1968M08,0.68
1968M09,0.66
1968M10,0.66
1968M11,0.63
1968M12,0.62
1969M01,0.63
1969M02,0.63
1969M03,0.63
1969M04,0.63
1969M05,0.63
1969M06,0.62
1969M07,0.61
1969M08,0.6
1969M09,0.61
1969M10,0.63
1969M11,0.65
1969M12,0.66
1970M01,0.64
1970M02,0.65
1970M03,0.66
1970M04,0.66
1970M05,0.66
1970M06,0.67
1970M07,0.67
1970M08,0.68
1970M09,0.69
1970M10,0.7
1970M11,0.71
1970M12,0.72
1971M01,0.73
1971M02,0.74
1971M03,0.73
1971M04,0.73
1971M05,0.75
1971M06,0.79
1971M07,0.8
1971M08,0.83
1971M09,0.83
1971M10,0.82
1971M11,0.82
1971M12,0.85
1972M01,0.89
1972M02,0.9
1972M03,0.87
1972M04,0.87
1972M05,0.86
1972M06,0.83
1972M07,0.78
1972M08,0.74
1972M09,0.73
1972M10,0.78
1972M11,0.81
1972M12,0.86
1973M01,0.89
1973M02,0.91
1973M03,0.96
1973M04,1.03
1973M05,1.15
1973M06,1.22
1973M07,1.46
1973M08,1.67
1973M09,1.91
1973M10,1.93
1973M11,1.75
1973M12,1.82
1974M01,1.99
1974M02,1.84
1974M03,1.69
1974M04,1.61
1974M05,1.47
1974M06,1.4
1974M07,1.32
1974M08,1.33
1974M09,1.32
1974M10,1.26
1974M11,1.17
1974M12,1.09
1975M01,1.05
1975M02,1.06
1975M03,1.09
1975M04,1.16
1975M05,1.22
1975M06,1.23
1975M07,1.25
1975M08,1.31
1975M09,1.33
1975M10,1.32
1975M11,1.3
1975M12,1.35
1976M01,1.47
1976M02,1.52
1976M03,1.54
1976M04,1.56
1976M05,1.61
1976M06,1.8
1976M07,2.0
1976M08,1.92
1976M09,1.88
1976M10,1.92
1976M11,1.91
1976M12,1.84
1977M01,1.75
1977M02,1.86
1977M03,1.92
1977M04,1.89
1977M05,1.78
1977M06,1.61
1977M07,1.57
1977M08,1.51
1977M09,1.43
1977M10,1.39
1977M11,1.41
1977M12,1.42
1978M01,1.46
1978M02,1.53
1978M03,1.58
1978M04,1.6
1978M05,1.63
1978M06,1.6
1978M07,1.55
1978M08,1.59
1978M09,1.63
1978M10,1.67
1978M11,1.73
1978M12,1.71
1979M01,1.68
1979M02,1.67
1979M03,1.69
1979M04,1.64
1979M05,1.68
1979M06,1.7
1979M07,1.7
1979M08,1.71
1979M09,1.72
1979M10,1.72
1979M11,1.77
1979M12,1.82
1980M01,1.93
1980M02,2.1
1980M03,2.03
1980M04,2.0
1980M05,1.96
1980M06,1.89
1980M07,1.98
1980M08,2.12
1980M09,2.2
1980M10,2.17
1980M11,2.16
1980M12,2.2
1981M01,2.18
1981M02,2.12
1981M03,2.04
1981M04,1.98
1981M05,1.95
1981M06,1.93
1981M07,1.89
1981M08,1.77
1981M09,1.7
1981M10,1.67
1981M11,1.65
1981M12,1.58
1982M01,1.55
1982M02,1.54
1982M03,1.55
1982M04,1.58
1982M05,1.69
1982M06,1.67
1982M07,1.73
1982M08,1.66
1982M09,1.6
1982M10,1.55
1982M11,1.52
1982M12,1.54
1983M01,1.58
1983M02,1.64
1983M03,1.74
1983M04,1.77
1983M05,1.81
1983M06,1.9
1983M07,1.95
1983M08,2.0
1983M09,1.98
1983M10,1.94
1983M11,1.97
1983M12,1.97
1984M01,1.93
1984M02,1.93
1984M03,1.95
1984M04,1.96
1984M05,1.97
1984M06,1.85
1984M07,1.74
1984M08,1.66
1984M09,1.61
1984M10,1.62
1984M11,1.6
1984M12,1.59
1985M01,1.57
1985M02,1.51
1985M03,1.48
1985M04,1.46
1985M05,1.43
1985M06,1.39
1985M07,1.34
1985M08,1.26
1985M09,1.18
1985M10,1.08
1985M11,1.06
1985M12,1.06
1986M01,1.14
1986M02,1.2
1986M03,1.15
1986M04,1.07
1986M05,1.0
1986M06,0.9
1986M07,0.83
1986M08,0.82
1986M09,0.96
1986M10,1.13
1986M11,1.16
1986M12,1.3
1987M01,1.45
1987M02,1.45
1987M03,1.39
1987M04,1.46
1987M05,1.69
1987M06,1.75
1987M07,1.84
1987M08,1.91
1987M09,1.84
1987M10,1.68
1987M11,1.67
1987M12,1.66
1988M01,1.59
1988M02,1.49
1988M03,1.46
1988M04,1.45
1988M05,1.45
1988M06,1.52
1988M07,1.4
1988M08,1.27
1988M09,1.25
1988M10,1.27
1988M11,1.29
1988M12,1.35
1989M01,1.39
1989M02,1.39
1989M03,1.46
1989M04,1.63
1989M05,1.71
1989M06,1.74
1989M07,1.83
1989M08,1.83
1989M09,1.8
1989M10,1.81
1989M11,1.81
1989M12,1.71
1990M01,1.66
1990M02,1.68
1990M03,1.74
1990M04,1.83
1990M05,1.89
1990M06,1.99
1990M07,2.01
1990M08,1.79
1990M09,1.79
1990M10,1.79
1990M11,1.82
1990M12,1.85
1991M01,1.85
1991M02,1.87
1991M03,1.86
1991M04,1.83
1991M05,1.82
1991M06,1.78
1991M07,1.7
1991M08,1.62
1991M09,1.55
1991M10,1.5
1991M11,1.4
1991M12,1.36
1992M01,1.31
1992M02,1.24
1992M03,1.22
1992M04,1.28
1992M05,1.34
1992M06,1.41
1992M07,1.44
1992M08,1.32
1992M09,1.25
1992M10,1.17
1992M11,1.16
1992M12,1.2
1993M01,1.26
1993M02,1.33
1993M03,1.36
1993M04,1.35
1993M05,1.33
1993M06,1.3
1993M07,1.27
1993M08,1.22
1993M09,1.22
1993M10,1.21
1993M11,1.21
1993M12,1.31
1994M01,1.53
1994M02,1.78
1994M03,1.8
1994M04,1.85
1994M05,1.9
1994M06,1.89
1994M07,1.8
1994M08,1.69
1994M09,1.66
1994M10,1.63
1994M11,1.71
1994M12,1.92
1995M01,2.11
1995M02,2.23
1995M03,2.44
1995M04,2.51
1995M05,2.53
1995M06,2.0
1995M07,1.93
1995M08,1.88
1995M09,2.01
1995M10,2.01
1995M11,1.97
1995M12,1.94
1996M01,1.9
1996M02,1.87
1996M03,1.83
1996M04,1.83
1996M05,1.83
1996M06,1.83
1996M07,1.76
1996M08,1.68
1996M09,1.66
1996M10,1.66
1996M11,1.68
1996M12,1.75
1997M01,1.76
1997M02,1.77
1997M03,1.78
1997M04,1.74
1997M05,1.75
1997M06,1.78
1997M07,1.79
1997M08,1.79
1997M09,1.76
1997M10,1.71
1997M11,1.7
1997M12,1.64
1998M01,1.59
1998M02,1.52
1998M03,1.51
1998M04,1.45
1998M05,1.42
1998M06,1.52
1998M07,1.54
1998M08,1.5
1998M09,1.46
1998M10,1.36
1998M11,1.24
1998M12,1.23
1999M01,1.23
1999M02,1.24
1999M03,1.25
1999M04,1.27
1999M05,1.32
1999M06,1.29
1999M07,1.2
1999M08,1.12
1999M09,1.09
1999M10,1.05
1999M11,1.02
1999M12,0.97
2000M01,1.05
2000M02,1.18
2000M03,1.26
2000M04,1.29
2000M05,1.33
2000M06,1.31
2000M07,1.29
2000M08,1.34
2000M09,1.36
2000M10,1.34
2000M11,1.41
2000M12,1.45
2001M01,1.41
2001M02,1.33
2001M03,1.2
2001M04,1.13
2001M05,1.1
2001M06,1.05
2001M07,1.0
2001M08,0.96
2001M09,0.91
2001M10,0.82
2001M11,0.84
2001M12,0.95
2002M01,0.96
2002M02,0.94
2002M03,0.93
2002M04,0.91
2002M05,0.88
2002M06,0.96
2002M07,1.03
2002M08,1.09
2002M09,1.08
2002M10,1.09
2002M11,1.15
2002M12,1.22
2003M01,1.25
2003M02,1.29
2003M03,1.35
2003M04,1.34
2003M05,1.28
2003M06,1.29
2003M07,1.33
2003M08,1.33
2003M09,1.41
2003M10,1.6
2003M11,1.7
2003M12,1.62
2004M01,1.67
2004M02,1.63
2004M03,1.59
2004M04,1.53
2004M05,1.54
2004M06,1.42
2004M07,1.26
2004M08,1.19
2004M09,1.24
2004M10,1.16
2004M11,1.08
2004M12,1.07
2005M01,1.13
2005M02,1.16
2005M03,1.24
2005M04,1.26
2005M05,1.23
2005M06,1.19
2005M07,1.21
2005M08,1.19
2005M09,1.21
2005M10,1.28
2005M11,1.25
2005M12,1.25
2006M01,1.29
2006M02,1.32
2006M03,1.27
2006M04,1.24
2006M05,1.2
2006M06,1.22
2006M07,1.22
2006M08,1.32
2006M09,1.3
2006M10,1.26
2006M11,1.27
2006M12,1.31
2007M01,1.3
2007M02,1.28
2007M03,1.29
2007M04,1.26
2007M05,1.22
2007M06,1.34
2007M07,1.5
2007M08,1.47
2007M09,1.5
2007M10,1.52
2007M11,1.54
2007M12,1.53
2008M01,1.61
2008M02,1.65
2008M03,1.77
2008M04,1.66
2008M05,1.63
2008M06,1.7
2008M07,1.7
2008M08,1.72
2008M09,1.62
2008M10,1.37
2008M11,1.21
2008M12,1.22
2009M01,1.27
2009M02,1.22
2009M03,1.14
2009M04,1.25
2009M05,1.37
2009M06,1.35
2009M07,1.43
2009M08,1.42
2009M09,1.41
2009M10,1.47
2009M11,1.58
2009M12,1.68
2010M01,1.71
2010M02,1.76
2010M03,1.89
2010M04,1.94
2010M05,1.99
2010M06,2.05
2010M07,1.86
2010M08,1.99
2010M09,2.31
2010M10,2.79
2010M11,3.41
2010M12,3.7
2011M01,3.94
2011M02,4.7
2011M03,5.06
2011M04,4.78
2011M05,3.65
2011M06,3.18
2011M07,2.69
2011M08,2.52
2011M09,2.58
2011M10,2.44
2011M11,2.31
2011M12,2.1
2012M01,2.23
2012M02,2.22
2012M03,2.19
2012M04,2.2
2012M05,1.95
2012M06,1.81
2012M07,1.85
2012M08,1.86
2012M09,1.86
2012M10,1.81
2012M11,1.78
2012M12,1.84
2013M01,1.89
2013M02,1.98
2013M03,2.08
2013M04,2.03
2013M05,2.04
2013M06,2.05
2013M07,2.04
2013M08,2.04
2013M09,1.99
2013M10,1.97
2013M11,1.87
2013M12,1.93
2014M01,2.01
2014M02,2.07
2014M03,2.14
2014M04,2.08
2014M05,2.04
2014M06,2.0
2014M07,1.85
2014M08,1.63
2014M09,1.62
2014M10,1.55
2014M11,1.49
2014M12,1.51
2015M01,1.48
2015M02,1.54
2015M03,1.53
2015M04,1.58
2015M05,1.61
2015M06,1.6
2015M07,1.6
2015M08,1.58
2015M09,1.52
2015M10,1.52
2015M11,1.53
2015M12,1.55
2016M01,1.52
2016M02,1.47
2016M03,1.44
2016M04,1.53
2016M05,1.55
2016M06,1.63
2016M07,1.79
2016M08,1.77
2016M09,1.72
2016M10,1.73
2016M11,1.74
2016M12,1.75
2017M01,1.82
2017M02,1.88
2017M03,1.91
2017M04,1.92
2017M05,1.95
2017M06,1.87
2017M07,1.85
2017M08,1.75
2017M09,1.78
2017M10,1.73
2017M11,1.77
2017M12,1.88
2018M01,2.01
2018M02,1.95
2018M03,2.03
2018M04,2.03
2018M05,2.08
2018M06,2.15
2018M07,2.12
2018M08,2.08
2018M09,1.99
2018M10,1.91
2018M11,1.91
2018M12,1.9
2019M01,1.82
2019M02,1.79
2019M03,1.85
2019M04,1.92
2019M05,1.77
2019M06,1.71
2019M07,1.67
2019M08,1.56
2019M09,1.57
2019M10,1.63
2019M11,1.65
2019M12,1.67
2020M01,1.74
2020M02,1.69
2020M03,1.49
2020M04,1.4
2020M05,1.45
2020M06,1.49
2020M07,1.51
2020M08,1.54
2020M09,1.56
2020M10,1.65
2020M11,1.71
2020M12,1.79
2021M01,1.92
2021M02,2.05
2021M03,2.02
2021M04,2.0
2021M05,2.0
2021M06,2.08
2021M07,2.15
2021M08,2.23
2021M09,2.29
2021M10,2.59
2021M11,2.79
2021M12,2.65
2022M01,2.91
2022M02,3.05
2022M03,3.11
2022M04,3.42
2022M05,3.61
2022M06,3.4
2022M07,2.89
2022M08,2.74
2022M09,2.59
2022M10,2.2
2022M11,2.23
2022M12,2.22
2023M01,2.21
2023M02,2.19
2023M03,2.1
2023M04,2.1
2023M05,2.07
2023M06,2.04
2023M07,2.05
2023M08,2.11
2023M09,2.16
2023M10,2.11
2023M11,1.99
2023M12,2.0
2024M01,2.03
2024M02,2.2
2024M03,2.2
2024M04,1.99
2024M05,1.91
2024M06,1.83
2024M07,1.79
2024M08,1.76
2024M09,1.82
2024M10,1.84
2024M11,1.8
2024M12,1.76
2025M01,1.72
2025M02,1.72
2025M03,1.71
2025M04,1.73
2025M05,1.72
2025M06,1.73
2025M07,1.74
2025M08,1.73
2025M09,1.72
2025M10,1.68
2025M11,1.66
2025M12,1.63
2026M01,1.64
2026M02,1.63
2026M03,1.7
2026M04,1.9
2026M05,2.03
2026M06,1.9
2026M07,1.96
2026M08,2.11
