time,open,high,low,close
1988-10-10,52.9,56.65,52.9,55.58
1988-10-17,55.35,55.89,53.55,55.44
1988-10-24,55.4,57.65,54.75,55.66
1988-10-31,55.36,56.89,54.9,56.19
1988-11-07,56.1,56.55,54.62,55.98
1988-11-14,55.95,56.4,53.25,53.32
1988-11-21,53.55,55.75,53.07,55.7
1988-11-28,55.7,57.7,55.35,57.68
1988-12-05,57.8,58.74,56.88,58.7
1988-12-12,58.75,59.3,57.19,58.4
1988-12-19,58.48,59.35,57.88,58.93
1988-12-26,58.9,58.93,57.55,58.49
1989-01-02,58.55,59.9,55.85,59.82
1989-01-09,59.35,60.44,58.95,59.65
1989-01-16,60,60.28,58.54,59.13
1989-01-23,59.15,60.55,58.09,60.4
1989-01-30,60.2,60.55,58.55,58.99
1989-02-06,58.64,59.8,57.46,58.38
1989-02-13,58.35,59,57.3,57.83
1989-02-20,58.4,59.83,58.3,59.48
1989-02-27,59.7,60.75,59.7,60.22
1989-03-06,60.3,61.8,59.85,61.64
1989-03-13,61.57,62.1,60.82,61.97
1989-03-20,62.45,62.75,61.37,61.64
1989-03-27,61.65,62.7,60.67,61.97
1989-04-03,62.6,63.78,62.2,63.31
1989-04-10,63.19,65.94,63.12,65.38
1989-04-17,65.15,66.55,64.95,66.46
1989-04-24,66.3,66.48,64.51,64.56
1989-05-01,64.46,67.35,64.05,67.15
1989-05-08,66.8,67.9,66.41,67.78
1989-05-15,67.85,67.9,65.9,67.5
1989-05-22,67.18,67.75,66.59,67.57
1989-05-29,67.65,68.25,66.94,67.36
1989-06-05,66.64,67,62.68,64.95
1989-06-12,65.75,70.35,65.4,70.04
1989-06-19,70.3,71.4,68.6,69.8
1989-06-26,70.5,71.37,69.9,70.73
1989-07-03,71.35,72.17,70.7,70.83
1989-07-10,71.15,74.23,70.35,73.95
1989-07-17,74.15,75,73.95,74.4
1989-07-24,73.9,76.75,73.71,75.68
1989-07-31,75.93,76.7,75.42,75.96
1989-08-07,75.15,76.95,73.96,75.2
1989-08-14,74.26,75.78,73.2,75.61
1989-08-21,75.9,77.34,75.65,76.73
1989-08-28,76.15,76.6,72.75,72.98
1989-09-04,73.2,74.25,71.4,73.31
1989-09-11,73.23,75.4,72.56,75.24
1989-09-18,75.25,75.5,71.35,72.55
1989-09-25,73.4,74.55,71.27,73.68
1989-10-02,73.9,75.75,73.9,75.15
1989-10-09,74.7,75.5,73.2,74.7
1989-10-16,74.07,74.55,72.21,73.15
1989-10-23,73.25,74.5,72.5,73.58
1989-10-30,73.7,76.6,73.55,75.62
1989-11-06,75.25,75.38,73.1,73.17
1989-11-13,72.73,75,71.6,74.59
1989-11-20,74.22,74.4,72.38,73.08
1989-11-27,72.81,72.88,69.7,70.94
1989-12-04,70.25,70.45,65.7,66.18
1989-12-11,67.18,69.5,67.05,69
1989-12-18,69.11,69.2,66.66,68.71
1989-12-25,69,71,68.7,69.07
1990-01-01,68.85,69.27,66.25,66.31
1990-01-08,66.31,68.3,65,66.15
1990-01-15,66.6,67.3,65.4,67.02
1990-01-22,66.1,67.05,64.5,64.51
1990-01-29,64.21,67.6,64.15,67.11
1990-02-05,67.3,67.8,66.02,66.5
1990-02-12,66.95,71.05,66.5,70.59
1990-02-19,70.1,71.3,69.85,70.48
1990-02-26,70.25,70.75,69.35,69.79
1990-03-05,69.85,72.8,69.8,72.45
1990-03-12,72.1,72.43,71,71.7
1990-03-19,71.3,71.95,69.81,70.69
1990-03-26,70.63,73.25,70.45,72.7
1990-04-02,73.35,74.75,72.95,73.03
1990-04-09,73.2,74.6,73.05,73.88
1990-04-16,73.5,74.15,72.31,73.55
1990-04-23,73.8,75.15,73.8,74.88
1990-04-30,74.85,75,73.4,73.76
1990-05-07,73.71,75.55,73.52,75.36
1990-05-14,75.15,76.39,74.56,76.13
1990-05-21,76.58,81.3,76.2,80.03
1990-05-28,80.4,82.15,79.5,81.02
1990-06-04,81.15,82.56,79,80.01
1990-06-11,80.2,81.44,71.6,72.46
1990-06-18,72.67,74.09,72.67,73.59
1990-06-25,74.1,74.79,73.62,74.58
1990-07-02,74.8,77,73.62,73.62
1990-07-09,73.53,75.88,70.75,74.28
1990-07-16,74,75.5,72.7,72.86
1990-07-23,71.45,74.37,70.86,73.4
1990-07-30,71.85,73.25,70.01,72.77
1990-08-06,72.25,73.41,70.07,70.65
1990-08-13,69.9,70.05,68.4,69.21
1990-08-20,69.21,72.4,69.05,72.35
1990-08-27,72.6,73.24,71.7,72.19
1990-09-03,72.1,73.48,71.45,72.94
1990-09-10,72.95,73.07,71.4,71.59
1990-09-17,71.25,74.25,71.2,73.04
1990-09-24,72.55,72.61,71.04,71.92
1990-10-01,71.71,72.84,71.42,72.8
1990-10-08,73.05,74.4,72.5,73.08
1990-10-15,73.03,73.93,72.57,73.23
1990-10-22,73.45,75.2,73.4,74.26
1990-10-29,74.4,75.8,74.4,74.98
1990-11-05,74.62,74.65,71.05,73.07
1990-11-12,72.75,74.75,72.37,73.63
1990-11-19,73.5,74.14,72.95,73.93
1990-11-26,74.15,74.42,73.05,74.18
1990-12-03,73.98,74.95,73.19,74.93
1990-12-10,74.85,76.87,74.76,76.61
1990-12-17,76.06,76.72,75.3,76.27
1990-12-24,76.27,77.8,76.27,77.8
1990-12-31,77.8,77.8,75.05,76.8
1991-01-07,76.33,76.58,75.3,76.02
1991-01-14,75.67,77.79,75.27,77.52
1991-01-21,77.15,78.4,76.32,78.03
1991-01-28,77.65,79.8,77.65,79.53
1991-02-04,79.43,84.99,79.25,84.13
1991-02-11,83.5,84.9,82.25,84.83
1991-02-18,84.8,87.44,84.51,87.44
1991-02-25,87.85,88.85,84.75,88.38
1991-03-04,87.8,88.3,83.45,84.43
1991-03-11,84.03,86.47,82.9,85.75
1991-03-18,84.95,85.15,81.43,81.43
1991-03-25,81.23,82.85,81.09,81.82
1991-04-01,83.2,85.45,82.81,85.34
1991-04-08,85.1,89,85.1,88.49
1991-04-15,88.85,89.5,85.76,87.01
1991-04-22,87.06,87.47,84.4,86.38
1991-04-29,87.19,89.75,86.75,89.57
1991-05-06,89.05,89.25,87.37,87.72
1991-05-13,87.92,92.39,87.85,92.3
1991-05-20,92.75,94.45,88,90.02
1991-05-27,90.49,91,85.23,85.58
1991-06-03,84.5,86.9,83.7,86.81
1991-06-10,87.1,87.2,73.9,74.6
1991-06-17,74.7,76,73.44,74.42
1991-06-24,74.25,74.88,71.96,71.96
1991-07-01,70.75,71.15,70,70.54
1991-07-08,70.5,71.25,68.56,69.44
1991-07-15,68.65,70.5,68.2,69.73
1991-07-22,70.2,71.5,68.62,69.38
1991-07-29,69.5,70.3,68,70.08
1991-08-05,69.85,70.5,67.76,67.8
1991-08-12,67.31,67.7,63.51,64.92
1991-08-19,64.25,67.6,64.25,64.93
1991-08-26,64.65,66.85,64.35,66.06
1991-09-02,66.1,67.27,65.75,66.12
1991-09-09,66.02,67,64.2,64.86
1991-09-16,65.3,67.74,64.86,67.66
1991-09-23,67.4,67.46,64.7,64.84
1991-09-30,64.25,66.8,63.75,65.64
1991-10-07,64.65,65,63.75,64.52
1991-10-14,64.25,64.35,62.65,63.15
1991-10-21,63.25,63.6,62.45,62.68
1991-10-28,62.75,62.8,60.72,61.83
1991-11-04,61.51,61.6,58.5,58.52
1991-11-11,58.6,61.3,57.25,59.56
1991-11-18,59.55,61.88,58.73,58.73
1991-11-25,58.74,59.55,58.6,58.95
1991-12-02,58.73,60.09,58.35,58.91
1991-12-09,58.9,60.18,58.61,59.7
1991-12-16,59.9,61.6,58.89,59.09
1991-12-23,58.96,60.28,58.85,59.28
1991-12-30,59.2,60.35,58.8,59.83
1992-01-06,59.83,60.9,57.3,57.8
1992-01-13,57.6,57.65,55.6,56.36
1992-01-20,56.07,56.95,55.37,55.5
1992-01-27,55.15,55.3,53.04,53.06
1992-02-03,52.9,54.9,52.65,54.54
1992-02-10,54.4,55.95,53.15,55.47
1992-02-17,55.55,56,55.06,55.5
1992-02-24,55.3,57.58,55.3,56.7
1992-03-02,56.75,57.5,53.9,54.03
1992-03-09,53.85,55.05,53.25,54.29
1992-03-16,54.4,57.4,54.25,56.63
1992-03-23,56.35,58.8,55.95,58.78
1992-03-30,58.8,60.6,57.71,60.49
1992-04-06,60.3,60.55,57.5,58.35
1992-04-13,58.01,59.65,56.3,59.24
1992-04-20,59.3,61.1,58.5,61.02
1992-04-27,60.75,63.1,60.4,60.89
1992-05-04,61.1,62.2,58.81,59.22
1992-05-11,58.95,64.15,58.95,61.15
1992-05-18,61.35,61.92,56.59,56.67
1992-05-25,58,59,56.61,58.04
1992-06-01,58.4,59.5,58,58.57
1992-06-08,59.3,63,59.3,62.72
1992-06-15,61.75,64.55,61.75,64.15
1992-06-22,64.3,64.4,62.8,63.37
1992-06-29,63.15,63.65,62.05,62.5
1992-07-06,62.01,63.65,60.79,63.3
1992-07-13,62.9,63.3,62.12,62.72
1992-07-20,62.5,62.7,61.4,61.6
1992-07-27,61.25,61.4,60.07,60.33
1992-08-03,60.35,61.45,59.6,60.23
1992-08-10,60.15,60.3,56.42,57.28
1992-08-17,57.35,58,55.95,56.25
1992-08-24,58.15,59,55.05,55.13
1992-08-31,55.02,55.87,54.4,54.98
1992-09-07,54.95,55.1,53.5,54.73
1992-09-14,54.75,57.4,54.65,56.76
1992-09-21,56.5,56.9,53.76,54.12
1992-09-28,53.76,53.87,51.5,52.11
1992-10-05,51.61,54.22,51.52,51.95
1992-10-12,52.05,53.65,51.61,52.73
1992-10-19,52.4,54.48,52.29,52.64
1992-10-26,51.8,52.38,50.68,51.7
1992-11-02,51.9,55.78,51.85,55.68
1992-11-09,55.68,56.9,54.37,56.75
1992-11-16,57.35,58.73,56.2,57.65
1992-11-23,58.3,58.45,56.53,56.7
1992-11-30,56.8,59.5,56.8,58.87
1992-12-07,58.45,59.8,57.95,59.05
1992-12-14,58.6,59.32,56.8,57.75
1992-12-21,57.76,58.45,57.5,58.06
1992-12-28,58.6,59.28,58.2,58.86
1993-01-04,58.9,61.3,58.1,60.79
1993-01-11,60.74,62.08,60.3,61.39
1993-01-18,61.4,63.2,60.45,62.9
1993-01-25,62.55,62.6,57.8,59.34
1993-02-01,58.6,61.95,58.55,61.41
1993-02-08,60.61,63.2,59.5,62.4
1993-02-15,62.79,64.3,62.01,63.7
1993-02-22,63.66,64,62.31,63.32
1993-03-01,63.52,63.89,61.95,62.62
1993-03-08,62.08,64.95,62.04,64.75
1993-03-15,64.6,64.85,61.32,62.1
1993-03-22,62.45,63.15,60.65,61.05
1993-03-29,61.4,61.85,60,60.42
1993-04-05,60.62,62.75,60.62,61.52
1993-04-12,61.7,63.95,60.9,63.58
1993-04-19,63.4,63.68,61.51,61.88
1993-04-26,61.75,62.88,59.9,61.3
1993-05-03,61.5,62.65,59.8,62.24
1993-05-10,61.96,62.9,61,62.15
1993-05-17,62.05,62.35,60.56,60.96
1993-05-24,61.1,61.94,60.01,60.36
1993-05-31,60.2,61.3,60.02,60.33
1993-06-07,60.75,60.8,58.02,58.47
1993-06-14,58.7,59.5,57.11,57.32
1993-06-21,57.45,57.6,56.5,56.68
1993-06-28,56.85,57.85,56.1,56.5
1993-07-05,56.95,59.98,56.87,59.98
1993-07-12,59.75,61.23,59.22,60.04
1993-07-19,60.85,63.1,60.85,62.49
1993-07-26,61.95,62.35,60.25,60.81
1993-08-02,60.35,60.55,56.6,57.18
1993-08-09,57.25,57.85,55.05,55.98
1993-08-16,55.71,56.65,55.6,56.08
1993-08-23,56.1,58.54,55.98,57.65
1993-08-30,57.6,57.75,55.62,56.76
1993-09-06,56.8,59.34,56.58,59.34
1993-09-13,59.45,60,57.8,59.15
1993-09-20,58.6,59.7,58.1,59.66
1993-09-27,59.9,60,57.55,57.6
1993-10-04,57.7,60.05,57.7,59.85
1993-10-11,59.9,60.4,57.71,58.06
1993-10-18,58.05,58.38,56.9,57.55
1993-10-25,57.42,57.85,56.98,57.27
1993-11-01,57.2,58.3,56.2,56.47
1993-11-08,56.3,59,56.06,58.36
1993-11-15,58.75,62.8,58.51,62.69
1993-11-22,62.6,63.15,62.05,62.68
1993-11-29,62.7,64.1,61.65,63.76
1993-12-06,63.56,65.2,63.16,63.39
1993-12-13,63.07,65.55,62.5,65.49
1993-12-20,65.65,66.5,65.17,66.48
1993-12-27,66.6,68.18,66.4,67.88
1994-01-03,67.4,69.38,65.9,68.29
1994-01-10,67.96,70,67.31,69.98
1994-01-17,69.98,72.9,69.6,72.48
1994-01-24,72.21,75.86,72.05,75.86
1994-01-31,76.65,78.36,74.8,77.23
1994-02-07,77.6,78.4,75.2,77.28
1994-02-14,77.15,77.88,75.85,77.8
1994-02-21,78.35,79.8,78.02,79.05
1994-02-28,79.3,79.35,75.7,77.86
1994-03-07,77.7,78.62,76.72,76.85
1994-03-14,76.34,77.17,75.1,75.76
1994-03-21,75.9,78.2,74.9,77.07
1994-03-28,76.57,78.78,76.5,78.21
1994-04-04,76.65,77.69,74.05,75.9
1994-04-11,75.8,81.4,75.7,80.73
1994-04-18,80.5,81.75,79.3,79.9
1994-04-25,80.25,83.5,78.95,83.22
1994-05-02,83.45,84.42,81.75,82.12
1994-05-09,81.2,81.9,79,80.37
1994-05-16,79.5,84.65,79.5,83.8
1994-05-23,82.88,84.15,81.4,83.33
1994-05-30,83.33,84.4,81.55,81.92
1994-06-06,81.9,81.95,79.25,79.8
1994-06-13,79.7,80.6,76.51,76.57
1994-06-20,76.3,76.45,74.4,75.14
1994-06-27,75.4,75.7,69.71,70.25
1994-07-04,70.3,71.9,68.89,71.78
1994-07-11,69.78,71.2,68.15,69.51
1994-07-18,70.1,72.25,70.01,72.25
1994-07-25,72.4,74.25,70.63,70.95
1994-08-01,70.5,71.3,68.95,71.26
1994-08-08,70.75,71.2,68.55,68.55
1994-08-15,66.55,67.71,65.9,67.31
1994-08-22,67.45,68.4,66.47,68
1994-08-29,68.08,70.15,68.07,69.04
1994-09-05,69.04,71.8,68.35,71.13
1994-09-12,70.9,71.9,69.1,69.24
1994-09-19,69.3,69.44,68.07,68.81
1994-09-26,69,69.32,66.8,67.63
1994-10-03,67.25,68.4,66.3,67.45
1994-10-10,67.8,69.74,67.12,69.14
1994-10-17,69.2,70.1,68.25,69.1
1994-10-24,68.85,72.85,68.7,71.95
1994-10-31,72,72.95,71.3,71.77
1994-11-07,71.7,73.7,71.7,73.07
1994-11-14,73,76.94,73,76.07
1994-11-21,75.72,76.9,75.21,76.78
1994-11-28,77.53,83.36,77.53,82.84
1994-12-05,82.7,84.84,80.95,83.7
1994-12-12,82.9,85.5,82.45,83.17
1994-12-19,82.8,88.18,82.35,88.18
1994-12-26,88.71,91.6,88.57,90.35
1995-01-02,89.7,90.95,86.41,88.58
1995-01-09,88.8,91.6,88.05,90.94
1995-01-16,90.55,93.8,88.25,92.33
1995-01-23,91.7,94.25,90.9,94.21
1995-01-30,94.21,95.25,91.55,92.14
1995-02-06,91.05,93.4,89.2,90.99
1995-02-13,90.67,95.7,90.5,95.56
1995-02-20,95.56,98.5,95.56,98.17
1995-02-27,98.3,106.17,98.3,104.17
1995-03-06,104.8,110.7,104.8,109.6
1995-03-13,109.9,110.1,107,107
1995-03-20,105.5,107,102.3,102.3
1995-03-27,100.5,101.1,95.5,98.15
1995-04-03,98.3,104.22,94.22,104.22
1995-04-10,106.22,112.22,104.8,112.22
1995-04-17,103,107.37,100.15,105.8
1995-04-24,104,108.2,102.05,105.56
1995-05-01,106,106.4,101.51,101.51
1995-05-08,99.51,104.29,97.6,104.29
1995-05-15,103.75,104,99.7,103.84
1995-05-22,103.6,113.84,103.6,113.84
1995-05-29,112,114.5,106.8,110.75
1995-06-05,110.3,114.65,104.75,111.85
1995-06-12,110.1,114,79.4,79.9
1995-06-19,80.27,83.05,80.27,81.68
1995-06-26,81.6,81.8,79.11,79.28
1995-07-03,78.8,79.35,75.06,76.13
1995-07-10,76.5,78.13,74.1,75.54
1995-07-17,75,75.9,73.25,73.99
1995-07-24,73.9,75,73.1,74.96
1995-07-31,74.32,74.5,70.76,72.27
1995-08-07,72.3,73.25,71.2,72.35
1995-08-14,72.8,78.55,72.8,78.55
1995-08-21,80.55,83.55,77.9,79.72
1995-08-28,80,85.77,79.7,85.67
1995-09-04,84.7,85.24,79.05,79.95
1995-09-11,79.95,88.89,79.4,88.89
1995-09-18,90.39,94.65,87.2,91.67
1995-09-25,91.25,91.4,87.6,89.59
1995-10-02,91.59,92.56,85.75,85.9
1995-10-09,85.5,88.3,82.69,84.86
1995-10-16,83.75,84.6,81.16,83.48
1995-10-23,83.7,84.95,82.15,84.35
1995-10-30,84.55,86.35,84.3,85.45
1995-11-06,85.6,87.25,82.51,84.31
1995-11-13,83.1,88.64,83.1,85.3
1995-11-20,85.15,87.3,84.92,86.88
1995-11-27,86.3,86.7,83.33,85.83
1995-12-04,85.85,87,84.2,86.1
1995-12-11,85.95,86.6,84.25,84.84
1995-12-18,84.35,84.9,80.06,81.1
1995-12-25,80.3,81.85,80,81.05
1996-01-01,80.65,84.15,80.3,83.63
1996-01-08,83.75,85.63,82.3,82.65
1996-01-15,82.4,84.6,81.95,84.5
1996-01-22,84.55,88.4,84,87.5
1996-01-29,87.6,88.8,85.3,85.6
1996-02-05,85.4,87,83.75,85.38
1996-02-12,84.7,86.65,83.4,85.83
1996-02-19,85.8,86.1,83.02,84.43
1996-02-26,84.2,85.1,83,83.25
1996-03-04,83.3,84.25,82.3,83.71
1996-03-11,83.9,85.35,82.75,84.29
1996-03-18,84.7,85.7,83.85,84.69
1996-03-25,84.55,85.15,83.05,83.56
1996-04-01,83.5,88.4,83.5,87.55
1996-04-08,87.35,88.7,85.87,85.99
1996-04-15,86.04,86.75,83.8,85.34
1996-04-22,85.2,86.65,84.45,85.64
1996-04-29,84.95,88,84.2,86.14
1996-05-06,86.5,87.2,82.44,82.75
1996-05-13,82.65,83.5,80.55,81.2
1996-05-20,81.35,83.2,80.75,82.55
1996-05-27,80.6,81.7,77.55,79.28
1996-06-03,79.4,82.7,79.2,81.95
1996-06-10,82.2,82.64,76.17,76.9
1996-06-17,77.24,77.5,75.65,75.88
1996-06-24,76.1,76.45,72.63,73.13
1996-07-01,72.5,73.8,72.15,72.84
1996-07-08,73.3,74.5,72.2,74.18
1996-07-15,73,74.6,72.6,74.02
1996-07-22,74.25,75,72.3,72.95
1996-07-29,72.95,74.39,72.3,72.95
1996-08-05,72.85,73.6,70.5,70.88
1996-08-12,73.88,75.38,73,73.04
1996-08-19,72.55,76,72.3,74.95
1996-08-26,74.8,77.34,74.35,76.34
1996-09-02,76.65,77.75,73.6,74.18
1996-09-09,73.5,76.5,72.6,75.85
1996-09-16,75.85,76.4,73.7,75.39
1996-09-23,75.75,77.9,75.52,76.19
1996-09-30,75.8,78.1,75.3,76.73
1996-10-07,77.1,77.74,72.9,73.2
1996-10-14,73.5,74.4,71.5,71.65
1996-10-21,72,73.5,71.15,72.54
1996-10-28,72.85,73.45,71.81,72.47
1996-11-04,72.05,72.6,71.1,71.31
1996-11-11,70.75,73.7,69.9,73.42
1996-11-18,73.8,75.9,73.75,75.1
1996-11-25,74.9,76.13,74.75,76.07
1996-12-02,75.9,76.59,74.65,76.11
1996-12-09,76.09,76.78,75.3,76.1
1996-12-16,75.8,76.3,74.92,76
1996-12-23,76,76.05,75.02,75.07
1996-12-30,74.9,75.85,74,74.08
1997-01-06,74.35,74.8,73.5,73.77
1997-01-13,73.6,74.7,73.4,74.08
1997-01-20,74.15,75.29,72.88,74.6
1997-01-27,74.65,75.5,74.3,74.95
1997-02-03,75.2,75.35,74.25,74.58
1997-02-10,74.9,75.22,72.9,74.85
1997-02-17,75.1,76.1,73,75.15
1997-02-24,75.15,76.45,75.15,75.63
1997-03-03,75.8,77.15,74.5,76.92
1997-03-10,76.9,78.25,75.15,75.61
1997-03-17,75.5,75.85,73.1,73.35
1997-03-24,73.6,74.2,72,72.83
1997-03-31,72.1,73.05,71.05,73
1997-04-07,73.45,73.5,70.9,71.69
1997-04-14,71.9,73.2,71.1,72.52
1997-04-21,72.4,73.7,72.05,73.49
1997-04-28,73.7,73.75,72.15,72.4
1997-05-05,72.8,72.95,71,71.98
1997-05-12,72.05,73.45,72,73.04
1997-05-19,73.04,73.3,72.1,72.31
1997-05-26,72.6,73.65,72.3,72.45
1997-06-02,72.8,73.9,72.15,72.37
1997-06-09,72.3,73.9,71.9,73.15
1997-06-16,76.1,76.25,74.8,75.68
1997-06-23,75.7,77.65,74.97,77.4
1997-06-30,77.15,77.39,75.61,75.8
1997-07-07,76.05,76.05,73.35,73.35
1997-07-14,73.52,75.45,73.2,74.86
1997-07-21,74.5,75.9,74.2,75.6
1997-07-28,75.7,75.7,74.51,75.12
1997-08-04,75.01,75.69,73.71,74.31
1997-08-11,74.1,74.95,73.5,74.58
1997-08-18,74.45,74.5,73.45,73.82
1997-08-25,73.7,74.1,72.4,72.93
1997-09-01,73.25,73.73,72.3,72.61
1997-09-08,72.65,74.15,72.32,73.91
1997-09-15,73.7,74,73,73.43
1997-09-22,73.53,74.7,72.67,73.24
1997-09-29,73.1,73.15,71.4,71.84
1997-10-06,71.8,71.85,70.8,71.64
1997-10-13,71.75,72.12,71.06,71.63
1997-10-20,71.6,72.75,70.86,72.13
1997-10-27,72.2,72.5,71.11,72.32
1997-11-03,72.35,72.85,71.85,72.07
1997-11-10,71,72.4,69.65,72.01
1997-11-17,72.01,72.25,71.01,71.22
1997-11-24,71.1,71.8,70.65,70.73
1997-12-01,70.68,70.68,68.2,68.83
1997-12-08,68.6,69,66.9,66.95
1997-12-15,66.65,68.05,65.75,67.3
1997-12-22,67.65,68.34,67.12,67.57
1997-12-29,67.9,68.25,66.71,67.11
1998-01-05,66.98,68.9,65.3,66.04
1998-01-12,65.9,66.4,65.2,66.18
1998-01-19,66.2,66.7,64.65,64.77
1998-01-26,64.5,66.4,64.49,66.32
1998-02-02,67.15,67.55,66.1,66.37
1998-02-09,66.8,68,66.6,67.67
1998-02-16,67.35,67.38,65.23,65.54
1998-02-23,65.8,67.45,65.4,66.61
1998-03-02,66.89,68.44,66.75,68.39
1998-03-09,68.35,70.95,67.65,70.92
1998-03-16,70.5,70.74,68.91,69.37
1998-03-23,69.45,70.1,68.65,69.84
1998-03-30,70.15,70.38,65.5,65.56
1998-04-06,64.53,64.9,60.5,62.4
1998-04-13,62.39,65.3,62.09,63.78
1998-04-20,63.65,65.1,63.2,64.46
1998-04-27,64,66.1,63.95,65.16
1998-05-04,64.85,65.95,64,65.66
1998-05-11,65.59,66.7,65.1,66.28
1998-05-18,66.15,69,65.3,67.99
1998-05-25,66.9,70.75,66.5,70.59
1998-06-01,71.1,74.5,71,73.27
1998-06-08,73.8,76.27,71.5,73.94
1998-06-15,73.81,76.25,73.5,76.06
1998-06-22,76.4,77.65,75.5,76.64
1998-06-29,77.34,78.1,76.1,76.93
1998-07-06,76.8,77.55,74,75.44
1998-07-13,73.8,74.9,71.8,74.08
1998-07-20,74.1,74.6,71.88,72.28
1998-07-27,72.07,72.6,70.9,71.11
1998-08-03,70.7,73.45,69.3,72.89
1998-08-10,72.9,73.87,69.1,73.85
1998-08-17,74.1,75.15,73.6,74.62
1998-08-24,74.6,76.2,72,72.38
1998-08-31,72.1,75,71.3,74.45
1998-09-07,75.4,75.5,73.7,73.94
1998-09-14,73.62,75.84,73.62,75.8
1998-09-21,75.9,76.84,73.8,74.31
1998-09-28,74.75,74.84,71.8,73.21
1998-10-05,73.4,75.45,72.1,72.68
1998-10-12,72.56,72.95,68,68.03
1998-10-19,68,69.28,66.85,68.12
1998-10-26,68.45,68.8,66.55,67.77
1998-11-02,67.95,68.8,67.3,68.12
1998-11-09,68.65,69.89,66.5,68.02
1998-11-16,66.7,66.7,63,63.47
1998-11-23,63.5,64.15,62.6,64
1998-11-30,64.55,65,63,63.6
1998-12-07,63.61,64.1,60.85,61.56
1998-12-14,61.85,62.6,60.35,62.17
1998-12-21,62.16,62.17,59.46,59.94
1998-12-28,59.65,61.15,59.45,60.36
1999-01-04,60.15,60.46,58.5,59.29
1999-01-11,59.3,60.5,58.3,59.53
1999-01-18,59.65,59.9,58.5,58.54
1999-01-25,58.45,61.5,57.35,60.68
1999-02-01,60.8,61.25,58.5,59.41
1999-02-08,60,60.8,56,57.41
1999-02-15,57.45,58.6,56.91,57.43
1999-02-22,57.4,59.47,56.4,57.69
1999-03-01,58,63.3,57.45,62.73
1999-03-08,62.65,63.65,60.6,61.16
1999-03-15,60.8,61.75,60.2,60.96
1999-03-22,61.5,63,61.1,61.29
1999-03-29,60.75,60.9,58.6,59.85
1999-04-05,60.05,62.5,59.25,61.21
1999-04-12,60.95,61.4,58.4,58.49
1999-04-19,58.7,60.74,57.4,59.64
1999-04-26,59.35,62.5,59,61.71
1999-05-03,61.07,61.2,58.45,60.29
1999-05-10,60.25,60.65,57.05,57.74
1999-05-17,57.5,58.65,56.8,57.58
1999-05-24,57.3,58.1,56.25,57.74
1999-05-31,57.6,58.7,56.9,57.53
1999-06-07,57.74,58.4,55.35,55.58
1999-06-14,55.8,56.7,55.02,56.05
1999-06-21,56,56.3,55.19,55.57
1999-06-28,55.3,55.45,52.75,52.93
1999-07-05,52.7,53.3,50.56,50.61
1999-07-12,50.4,50.5,49.27,50.48
1999-07-19,50.75,52.75,50.4,52.4
1999-07-26,52,53.15,50.6,53.11
1999-08-02,53.29,53.47,51.62,52.99
1999-08-09,53.25,54.45,52.25,53.89
1999-08-16,54.15,55,53.45,53.48
1999-08-23,52.8,52.85,51,51.06
1999-08-30,50.7,51.7,50.05,51.64
1999-09-06,51.7,54,51.65,53.87
1999-09-13,54.2,55.45,52.1,53.59
1999-09-20,53.89,54.25,52.3,53.07
1999-09-27,53.1,54.3,52.15,52.7
1999-10-04,52.5,54.4,50.8,53.53
1999-10-11,53.54,55.2,52.95,54.23
1999-10-18,54.39,54.7,52.6,53.37
1999-10-25,53.2,53.78,52.21,52.27
1999-11-01,52.27,52.55,51.05,51.11
1999-11-08,51.1,51.55,49.86,50.68
1999-11-15,50.8,52.1,49.96,51
1999-11-22,51.2,52.19,51,51.51
1999-11-29,51.6,51.65,49.78,49.9
1999-12-06,50.2,50.65,49.51,49.95
1999-12-13,49.8,50.3,48.79,49.15
1999-12-20,48.95,49.9,48.6,49.74
1999-12-27,49.93,51,48.8,50.74
2000-01-03,50.43,54.05,50.25,53.96
2000-01-10,53.85,55.85,53.2,55.12
2000-01-18,55,58.6,54.26,56.15
2000-01-24,56.3,58.75,55.85,57.45
2000-01-31,56.9,57.9,55.21,56.08
2000-02-07,55.85,57.8,55.05,56.97
2000-02-14,58.8,61,57,59.75
2000-02-22,60.1,61.5,58.8,58.88
2000-02-28,58.9,61.53,58.15,61.06
2000-03-06,61.4,63.75,60.65,63.6
2000-03-13,63,63.95,62.26,62.69
2000-03-20,62.15,62.31,58.5,58.81
2000-03-27,59.05,59.6,57.51,58.14
2000-04-03,57.5,58.5,55.51,56.29
2000-04-10,56.15,59.25,53.5,58.22
2000-04-17,58.15,59.19,57.3,57.92
2000-04-24,58.2,58.48,55.4,55.81
2000-05-01,56,59.2,55.2,58.86
2000-05-08,58.7,62.47,58.3,62.23
2000-05-15,62.4,62.9,61.25,61.3
2000-05-22,61.8,64.15,61,63.22
2000-05-30,63.22,63.32,58.75,58.99
2000-06-05,58.8,59.25,57.4,58.39
2000-06-12,57.75,61.75,56.15,61.01
2000-06-19,60.51,61.2,60.05,60.28
2000-06-26,59.85,60.05,56.6,56.76
2000-07-03,56.7,57.8,56.05,57.74
2000-07-10,57.21,59.88,57,59.49
2000-07-17,59.7,63.5,59.7,61.36
2000-07-24,62,63.65,59.8,60.86
2000-07-31,60.45,62,59.8,60.66
2000-08-07,61.21,64.6,61.2,63.73
2000-08-14,64.23,65.5,63.65,65.35
2000-08-21,65.5,66.95,65.4,66.73
2000-08-28,66.45,67.31,64.55,65.56
2000-09-05,65.8,67.05,65.65,66.47
2000-09-11,66.35,66.85,63.42,64.45
2000-09-18,64,64.45,62.65,63.54
2000-09-25,64,64.2,62.14,62.53
2000-10-02,62.3,64.45,62.2,64.18
2000-10-09,64.45,66.8,63.02,63.12
2000-10-16,62.9,63.3,61.8,62.92
2000-10-23,63.05,63.6,62.3,63.14
2000-10-30,62.8,64.15,62.45,63.75
2000-11-06,64.05,65.95,64.05,65.4
2000-11-13,65.3,68.5,64.8,67.92
2000-11-20,68.1,68.8,66.9,68.08
2000-11-27,68.5,69.25,67.46,67.57
2000-12-04,67.7,68,66.8,67.13
2000-12-11,67.15,67.5,64.95,65.37
2000-12-18,65.6,66.2,64.05,64.31
2000-12-26,64.1,64.2,62.25,62.28
2001-01-02,61.78,61.8,59.1,59.42
2001-01-08,59.55,61.5,59.35,61.12
2001-01-16,61.22,61.6,59.82,60.63
2001-01-22,60.4,62.1,58.25,61.25
2001-01-29,61.4,62.2,58.9,59.76
2001-02-05,60.1,60.5,57.1,58.37
2001-02-12,58.4,59.8,56.1,57.56
2001-02-20,57.6,57.6,54.65,55.4
2001-02-26,55.35,55.4,52.1,54.61
2001-03-05,54.9,55.45,52.51,52.66
2001-03-12,52.35,53.05,47.8,49.73
2001-03-19,50,50.66,47.1,48.06
2001-03-26,48.8,49.68,45.05,45.09
2001-04-02,44.7,46.95,44.6,46.88
2001-04-09,47.1,47.5,45.25,45.34
2001-04-16,47.3,49.88,46.1,46.15
2001-04-23,45.8,47.55,45.59,45.83
2001-04-30,45.53,47.2,45.5,46.21
2001-05-07,45.93,46.45,44.45,45.17
2001-05-14,45.4,47.2,43.8,43.84
2001-05-21,43.66,44.2,40.3,40.55
2001-05-29,40.36,42,39.95,41.42
2001-06-04,42.25,42.9,40.6,42.71
2001-06-11,42.9,44.75,40.1,43.72
2001-06-18,43.6,44.6,42.3,42.56
2001-06-25,42.75,43.6,42.31,42.81
2001-07-02,42.5,42.5,40.61,41.14
2001-07-09,41.45,43.25,40.75,40.91
2001-07-16,40.7,42.55,40.4,40.82
2001-07-23,40.9,44.4,40.7,43.57
2001-07-30,43.8,44,42.41,43.34
2001-08-06,43.2,44.15,39.6,39.88
2001-08-13,39.75,40.35,39.5,39.57
2001-08-20,39.6,40.2,38.57,38.82
2001-08-27,38.8,39.95,38.65,38.97
2001-09-04,39.1,40.25,37.75,37.84
2001-09-10,37.9,38.1,37.63,37.73
2001-09-17,37.4,37.48,35.15,36.13
2001-09-24,36.2,36.8,34.65,34.88
2001-10-01,34.61,35.1,33.2,33.27
2001-10-08,33.24,33.24,31.2,32.01
2001-10-15,31.76,32.2,30.51,30.55
2001-10-22,30.2,30.35,28.2,28.86
2001-10-29,28.65,30.6,28.55,29.96
2001-11-05,30.1,33.7,30.05,32.78
2001-11-12,33.58,37.1,33.5,36.25
2001-11-19,36.05,36.6,35.6,36.13
2001-11-26,36.4,39.8,35.4,39.27
2001-12-03,38.55,38.75,36.4,37.34
2001-12-10,37.5,37.5,34.91,37.3
2001-12-17,37,37.6,35.25,36.23
2001-12-24,36,36.8,35.5,35.59
2001-12-31,35.1,38.07,35,36.62
2002-01-07,37.1,38.5,36.7,37.04
2002-01-14,37.06,38.35,36.3,37.33
2002-01-22,37.05,37.6,35.95,36.68
2002-01-28,36.8,37.5,35.3,37.45
2002-02-04,37.4,38.65,37.05,38.26
2002-02-11,37.6,40.55,36.91,37.08
2002-02-19,37.2,37.5,35,35.01
2002-02-25,35.25,36.75,35.07,36.06
2002-03-04,36.06,38.6,35.75,37.83
2002-03-11,38,39.05,37.11,38.7
2002-03-18,38.5,40.19,38.15,39.2
2002-03-25,38.9,39.45,38.06,38.16
2002-04-01,38.16,38.9,37.45,37.73
2002-04-08,37.45,39.1,36.56,37.05
2002-04-15,36.55,38.5,35.95,35.99
2002-04-22,36.16,37.65,34.9,35.27
2002-04-29,34.8,35.7,32.85,33.52
2002-05-06,33.32,35.9,33.05,35.21
2002-05-13,35.6,36.5,34.7,35.89
2002-05-20,36.05,37.6,35.25,36.94
2002-05-28,37.05,39.5,37.05,39.47
2002-06-03,39.4,39.85,38.5,39.15
2002-06-10,38.85,43.65,38.3,43.18
2002-06-17,43.1,48.2,43.1,47.1
2002-06-24,47.1,49.78,46.3,49.53
2002-07-01,48.9,49.6,47.3,48.89
2002-07-08,47.8,49.8,46,46.3
2002-07-15,45.89,49.15,44.65,48.74
2002-07-22,48.74,49.35,46.6,47.43
2002-07-29,47,49.15,46.55,48.18
2002-08-05,47.8,47.8,45.4,45.63
2002-08-12,45.33,48.25,45.1,45.64
2002-08-19,45.5,46.8,44.34,45.25
2002-08-26,45.1,47.45,44.65,46.47
2002-09-03,46.3,46.45,44.6,45.12
2002-09-09,44.7,45.9,43.05,43.17
2002-09-16,43.15,44.9,42.9,44.1
2002-09-23,44.3,44.65,43.21,44.34
2002-09-30,44.45,46.1,42.35,42.44
2002-10-07,42.5,43.8,42,42.84
2002-10-14,42.65,44.7,42.55,44.45
2002-10-21,44.4,47,44.16,46.63
2002-10-28,46.85,46.95,45.6,46.91
2002-11-04,47.5,50.1,47.15,48.39
2002-11-11,48.65,51.8,46.6,51.33
2002-11-18,51.6,51.74,49.05,50.65
2002-11-25,50.4,50.95,49.7,50.18
2002-12-02,50.25,50.45,48,49.11
2002-12-09,49.24,50.8,48.4,49.58
2002-12-16,49.85,51.6,49.25,51.45
2002-12-23,51.7,52.25,51.2,51.8
2002-12-30,51.8,52.2,50.55,51.62
2003-01-06,51.4,52.47,50.75,51.4
2003-01-13,51.1,51.7,50.57,50.63
2003-01-21,50.4,50.6,49.11,50.31
2003-01-27,50.25,52.39,50.15,52.36
2003-02-03,52,52.4,50.1,50.15
2003-02-10,50.46,57,50.36,56.93
2003-02-18,57.5,58.1,56.9,57.59
2003-02-24,57,58.4,56.01,58.29
2003-03-03,58,58.8,57.12,58.44
2003-03-10,58,60.5,57.01,60.02
2003-03-17,59.6,60.55,58.5,58.78
2003-03-24,58.58,58.63,55.6,56.54
2003-03-31,56.98,58.2,56.95,57.69
2003-04-07,58,58.1,56.45,58
2003-04-14,57.6,60.6,57,60.55
2003-04-21,60.5,60.75,57.6,59.09
2003-04-28,58.5,58.5,55.4,55.5
2003-05-05,55.25,55.4,49.9,53.34
2003-05-12,54.3,55.25,53.85,54.2
2003-05-19,54.1,55.6,53,53.19
2003-05-27,52.35,53.05,50,50.58
2003-06-02,50.2,50.9,48.15,50.76
2003-06-09,50.86,56.9,50.25,55.04
2003-06-16,59.3,60.4,58.05,59.16
2003-06-23,59,59.6,57.16,58.83
2003-06-30,59.55,62.15,59.4,61.98
2003-07-07,62,63.1,61.2,61.88
2003-07-14,61.9,63,60.2,61.41
2003-07-21,61.25,61.3,58.75,60.31
2003-07-28,59.95,60.8,57.9,57.91
2003-08-04,57.8,58.95,57.26,58.07
2003-08-11,58.4,58.45,55.65,55.83
2003-08-18,55.83,58.15,55.6,57.21
2003-08-25,57.05,59.34,57,59.18
2003-09-02,59.1,60.18,58.85,60
2003-09-08,60.35,66.18,59.02,66.13
2003-09-15,65.42,66.8,64,65.57
2003-09-22,66.2,67.6,65.15,65.82
2003-09-29,65.55,68.8,65.4,67.33
2003-10-06,67.6,71.7,67.4,71.54
2003-10-13,71.8,76.95,70.8,75.52
2003-10-20,74.65,82.17,74.5,82.11
2003-10-27,82.3,84.8,76.73,76.73
2003-11-03,76.4,78.2,74.82,77.27
2003-11-10,77.3,79.15,72.95,79.05
2003-11-17,78.3,79.3,72.6,73.09
2003-11-24,72.9,72.9,67.09,70.09
2003-12-01,73.09,73.9,70.3,71.49
2003-12-08,71.65,71.8,67.7,70.31
2003-12-15,70.8,71.92,69.02,71.29
2003-12-22,71.1,71.25,70.25,71.04
2003-12-29,72.2,75.1,72.05,75.07
2004-01-05,75.15,76,73.5,74.17
2004-01-12,74.25,75.1,72.3,74.72
2004-01-20,74.6,76,73.35,75.94
2004-01-26,75.99,76.18,67.76,70.73
2004-02-02,70.65,70.73,67.2,69.07
2004-02-09,68.7,69.4,64.2,68.18
2004-02-17,68.15,70.75,68.1,70.26
2004-02-23,70.35,74.48,69.87,73.77
2004-03-01,73.35,73.91,68.2,69.48
2004-03-08,68.5,68.7,63.75,64.62
2004-03-15,64.1,68.35,62.97,67.92
2004-03-22,68.5,68.85,63.76,64.9
2004-03-29,64.75,65.7,60.3,62.62
2004-04-05,62.8,62.82,61.08,61.71
2004-04-12,61.5,63.1,56.76,62.36
2004-04-19,62.1,64,61,63.8
2004-04-26,63.9,64.2,56.65,59.36
2004-05-03,59.3,64.75,59.05,64.75
2004-05-10,65.5,66.19,62.1,64.97
2004-05-17,64.5,64.7,62.07,63
2004-05-24,63,64.2,59.35,61.19
2004-06-01,61.25,61.5,55.5,57.8
2004-06-07,58.05,58.75,55.05,58.17
2004-06-14,59,59.4,53,54.45
2004-06-21,53.65,55.8,51.77,55
2004-06-28,54.7,55,49.21,49.56
2004-07-06,49.2,50.2,48.25,48.48
2004-07-12,48.15,48.44,46.05,47.38
2004-07-19,47.3,49.45,46,46.62
2004-07-26,46,46,43.5,44.4
2004-08-02,44.95,46.78,44.25,45.6
2004-08-09,45.05,46,42.6,44.3
2004-08-16,44.37,51.4,43.88,51.23
2004-08-23,51.25,52.2,47.8,48.44
2004-08-30,48.75,56,48.75,51.58
2004-09-07,52.1,54.25,48.58,50.72
2004-09-13,51.95,53.05,47.55,48.43
2004-09-20,47.9,49.6,46.3,47.02
2004-09-27,48.05,49.9,46.1,46.98
2004-10-04,46.75,48.7,46.6,47.35
2004-10-11,47.3,48.5,43.75,45.82
2004-10-18,46.39,48.9,45.11,45.67
2004-10-25,45.9,47.2,44.65,44.98
2004-11-01,44.66,45.6,43.1,43.36
2004-11-08,43.36,44.7,43.35,44.34
2004-11-15,42.9,43.8,41.8,43.28
2004-11-22,43.4,44.25,42.75,42.92
2004-11-29,43.25,44.8,42,42.42
2004-12-06,42,43.75,41.72,42.31
2004-12-13,42.85,44.15,42.6,44.13
2004-12-20,44.2,44.5,42.21,42.9
2004-12-27,42.38,44.95,42.17,44.77
2005-01-03,44.6,46.98,43.41,46.56
2005-01-10,46.4,47.3,45.62,46.17
2005-01-18,45.9,48.31,45.8,46.97
2005-01-24,46.8,47.35,42.4,43.35
2005-01-31,43.7,44.5,42.81,43.2
2005-02-07,43.5,46.2,42.61,46.19
2005-02-14,46.5,47.6,46.05,47.48
2005-02-22,47.9,50.7,47.8,50.18
2005-02-28,50.7,51.65,49.35,51.23
2005-03-07,51.3,53.8,50.4,53.65
2005-03-14,53.15,54.2,50.6,50.94
2005-03-21,50.3,52.4,49.1,51.59
2005-03-28,52.2,54.6,50.55,52.8
2005-04-04,52.8,53.4,51.25,53.21
2005-04-11,53.6,53.72,50.9,53.14
2005-04-18,53,55.6,52.8,54.12
2005-04-25,54.25,57.59,54.25,57.05
2005-05-02,57.45,57.48,51.8,53.49
2005-05-09,54.3,56.9,53.05,53.75
2005-05-16,53.1,53.15,49.81,50.05
2005-05-23,50.1,51.05,49.61,50.43
2005-05-31,49.85,49.95,47.65,48.34
2005-06-06,48.49,48.65,46.1,46.96
2005-06-13,47.3,51.95,47,51.34
2005-06-20,51.95,54.8,51.75,54.79
2005-06-27,55.05,56.75,53.85,56.15
2005-07-05,56,57.2,54.6,55.47
2005-07-11,55.25,55.25,50.65,51.45
2005-07-18,51.2,51.8,49.36,51.76
2005-07-25,51.45,52.9,50.95,52.48
2005-08-01,52.5,53.3,51.1,51.73
2005-08-08,51.55,51.73,48.9,49
2005-08-15,48.5,49.25,47.76,48.56
2005-08-22,48.25,49.8,48.1,48.46
2005-08-29,49.5,51.1,48.25,49.85
2005-09-06,50.2,52.9,49.9,51.95
2005-09-12,50.8,51.3,49.38,49.77
2005-09-19,50.45,52.3,50.11,51.05
2005-09-26,50.7,54.52,50.47,53.11
2005-10-03,53.6,54.7,52.8,53.63
2005-10-10,54.7,57.8,54.5,56.93
2005-10-17,56.93,56.93,53.05,54.49
2005-10-24,54.35,55.34,51.71,52.52
2005-10-31,52.5,52.99,51.3,51.44
2005-11-07,51.44,52,49.95,50.72
2005-11-14,50.8,54.05,50.61,52.63
2005-11-21,52.63,53.5,52,52.61
2005-11-28,52.45,53.5,51.38,51.77
2005-12-05,52.25,53.25,51.95,52.72
2005-12-12,53.35,53.75,52.5,53.39
2005-12-19,53.5,54.25,52.71,53.54
2005-12-27,53.65,54.55,53.07,54.19
2006-01-03,54.4,55.25,54.35,55.05
2006-01-09,55.75,56,54.77,55.93
2006-01-17,55.9,56.65,54.5,56.57
2006-01-23,56.8,56.85,54.92,55.53
2006-01-30,55.63,57.45,54.7,56.95
2006-02-06,57.1,57.3,54.95,55.97
2006-02-13,57.1,58.1,56.05,57.34
2006-02-21,57.4,57.6,55.9,56.61
2006-02-27,56.1,56.15,54,54.49
2006-03-06,54,55.15,53.75,55.11
2006-03-13,54.82,55.1,54.02,54.06
2006-03-20,53.9,53.98,51.9,52.5
2006-03-27,52.91,53.9,52.5,52.65
2006-04-03,52.9,54.4,52.4,53.97
2006-04-10,54.4,54.45,51.63,53.73
2006-04-17,54,54.65,52.46,52.52
2006-04-24,52.55,52.65,50.08,51.72
2006-05-01,51.55,52.08,50.08,50.31
2006-05-08,50.5,52.15,50.3,52.05
2006-05-15,51.79,52.05,48.95,49.36
2006-05-22,49.69,51.15,48.75,50.94
2006-05-30,51,53,50.45,52.92
2006-06-05,52.9,53.48,51.5,52.61
2006-06-12,52.95,57.75,51.5,57.7
2006-06-19,57.2,57.5,53.5,53.58
2006-06-26,54,54.35,52.95,54.16
2006-07-03,53.5,53.85,51.2,51.88
2006-07-10,52.15,54.05,51.88,52.16
2006-07-17,52.1,55.6,52.02,55.46
2006-07-24,55.4,56.35,54.7,55.54
2006-07-31,55.3,57.25,54.28,56.28
2006-08-07,56.6,57.75,55.35,55.74
2006-08-14,55.15,56,54.12,54.52
2006-08-21,54.4,55.95,54.05,55.6
2006-08-28,55.5,55.75,53.81,53.9
2006-09-05,54.21,54.4,52.6,52.65
2006-09-11,52.55,53.69,52,53.13
2006-09-18,53.6,54.15,51.5,52.1
2006-09-25,52,52.9,50,50.45
2006-10-02,49.95,50.5,49,49.09
2006-10-09,49.09,50,48.07,49.01
2006-10-16,49.15,50.29,48.08,49.21
2006-10-23,49.25,50.9,49.05,50.79
2006-10-30,50.65,50.85,48.4,49.21
2006-11-06,49.2,50.7,48.77,49.09
2006-11-13,48.9,52.75,47.6,51.15
2006-11-20,51.2,53,50.81,52.12
2006-11-27,52.2,54.1,52.15,53.68
2006-12-04,53.45,53.75,52.7,52.73
2006-12-11,52.61,55.35,52.51,54.96
2006-12-18,54.94,56.05,54.45,55.78
2006-12-26,55.98,57.05,55.7,56.19
2007-01-03,55.55,55.9,53.82,54.42
2007-01-08,54.15,55.19,52.85,54.7
2007-01-16,55,55.1,54.3,54.55
2007-01-22,54.45,55,54.08,54.12
2007-01-29,54.15,54.4,53.32,53.89
2007-02-05,53.85,54.95,52,52.87
2007-02-12,53,53.3,51.45,52.33
2007-02-20,52.52,53.79,51.7,53.75
2007-02-26,53.75,54.1,52.7,53.82
2007-03-05,53.89,54.75,52.9,54.54
2007-03-12,54.65,54.7,53.29,53.99
2007-03-19,53.91,54.45,53.1,53.26
2007-03-26,53.29,54.7,53.11,53.57
2007-04-02,53.6,53.81,52.77,53
2007-04-09,53.05,53.18,51.1,51.41
2007-04-16,53,53.1,51.05,51.98
2007-04-23,51.85,52.17,48.7,49.95
2007-04-30,49.86,50.4,47.75,48.42
2007-05-07,48.6,49.34,47.52,48.2
2007-05-14,48,50.2,46.85,49.85
2007-05-21,49.77,51.2,49.05,51.14
2007-05-29,51.05,51.45,49.9,50.6
2007-06-04,50.55,52.2,49.6,51.35
2007-06-11,51.5,59.8,51.2,59.39
2007-06-18,59.6,62.17,58.45,60.95
2007-06-25,61,64.44,60.41,63.4
2007-07-02,63.33,64.9,62.85,64.59
2007-07-09,64.54,68.7,64.54,68.4
2007-07-16,68.05,68.8,61.84,62.95
2007-07-23,62.72,64.3,62.2,63.48
2007-07-30,63.5,65,63.4,64.92
2007-08-06,64.89,65,60.81,61.35
2007-08-13,61.24,61.87,56.9,57.9
2007-08-20,57.5,59.38,57.5,58.4
2007-08-27,58.35,61.8,56.7,61.15
2007-09-04,60.97,62.26,59.8,60.21
2007-09-10,60.25,63.92,60.13,63.4
2007-09-17,63.6,66.48,63.3,66.48
2007-09-24,66.2,67.5,64.3,64.89
2007-10-01,64.3,65.44,62.15,63.25
2007-10-08,63.26,64.6,62.3,63.98
2007-10-15,63.76,65.52,62.62,65.52
2007-10-22,65.25,65.65,63.45,64.85
2007-10-29,64.89,65.12,63.35,64.31
2007-11-05,64.06,65.86,63.6,64.85
2007-11-12,64.77,67.8,63.01,66.05
2007-11-19,66.21,66.52,65.24,65.6
2007-11-26,65.62,66.25,62.97,63.65
2007-12-03,63.46,64.79,62.9,64.72
2007-12-10,64.6,65.9,63.9,65.6
2007-12-17,65.85,66.66,65.25,66.65
2007-12-24,66.5,68.08,66.35,67.7
2007-12-31,67.89,69.05,67.35,68.64
2008-01-07,68.69,69.96,66.66,69.96
2008-01-14,70.18,72.96,70.04,70.79
2008-01-22,70,70.24,66.83,67.9
2008-01-28,67.89,68.89,67.23,68.16
2008-02-04,68.2,69.9,67.85,68.99
2008-02-11,68.96,72.15,66.35,70.18
2008-02-19,70.4,77,70.4,75.65
2008-02-25,76,82.33,75.59,81.86
2008-03-03,82.3,92.86,81.28,81.28
2008-03-10,78.22,83.75,76.51,79.38
2008-03-17,79.05,79.05,69.02,71.75
2008-03-24,71.88,75.38,71.28,71.7
2008-03-31,72,72.97,67.31,70.55
2008-04-07,70.9,75.73,70.5,74.2
2008-04-14,73.8,82.23,73.07,74.94
2008-04-21,74.7,75.09,71.25,71.25
2008-04-28,71.5,73.25,68.52,69.6
2008-05-05,69.65,72.25,68.92,71.55
2008-05-12,71.7,72.4,69.55,71.98
2008-05-19,71.92,72.69,67.85,69.21
2008-05-27,69.25,69.65,65.11,65.74
2008-06-02,65.75,67.39,63.1,66.52
2008-06-09,66.75,72.4,65.5,71.63
2008-06-16,79.52,84.04,78.45,79.99
2008-06-23,80.06,82.59,78.8,81.15
2008-06-30,81.1,81.53,74.26,75.86
2008-07-07,75.65,75.7,70.86,73.59
2008-07-14,73.39,74.2,71.58,73.24
2008-07-21,73.04,74.84,70.78,74.8
2008-07-28,74.71,74.97,71.5,72.57
2008-08-04,72.38,72.38,68.2,69.05
2008-08-11,69.1,71.74,67.01,67.1
2008-08-18,67.75,70.28,66.79,69.71
2008-08-25,70.18,71.18,67.62,69.58
2008-09-02,69.48,70.43,65.61,65.84
2008-09-08,66.24,66.87,63.63,64.52
2008-09-15,64.5,64.79,59.45,62.74
2008-09-22,62.9,64.5,60.15,60.38
2008-09-29,60.15,60.3,55.11,57.44
2008-10-06,57.34,57.34,49.44,49.44
2008-10-13,50.3,52.57,45.66,52.57
2008-10-20,53.57,54.77,46.08,46.23
2008-10-27,46.09,48.93,43.64,44.29
2008-11-03,44.88,46.89,42,42.07
2008-11-10,42.55,44.45,36.7,42.51
2008-11-17,42.62,42.98,39.4,41.8
2008-11-24,41.93,48,41.93,47.91
2008-12-01,47.91,47.99,41.31,41.37
2008-12-08,41.99,45.13,41.99,43.43
2008-12-15,43.8,47.14,43.43,45.23
2008-12-22,45.45,46.5,45.26,46.18
2008-12-29,46.3,49.44,46.04,48.91
2009-01-05,48.08,50.9,46.9,49.32
2009-01-12,49.17,49.98,45.58,49
2009-01-20,49.25,51.55,46.65,50.64
2009-01-26,50.51,52.4,49.37,49.41
2009-02-02,49.32,50.45,48.69,49.86
2009-02-09,49.8,50.34,45.06,45.22
2009-02-17,45.5,45.97,43.91,44.1
2009-02-23,44.4,45.25,42.78,43.26
2009-03-02,43.2,43.75,41.11,41.55
2009-03-09,41.73,43.44,41.01,42.83
2009-03-16,42.76,44.34,41.54,44.08
2009-03-23,44.34,45.1,43.21,43.34
2009-03-30,43.34,47.69,43.05,47.6
2009-04-06,47.4,49.92,46.5,48.41
2009-04-13,48.21,50.85,46.78,50.69
2009-04-20,50.6,52.78,48.33,52.7
2009-04-27,52,57.24,51.33,57.2
2009-05-04,57,59.97,56.56,59.85
2009-05-11,59.8,61.67,56.11,56.3
2009-05-18,56.1,57.9,55.52,57.11
2009-05-26,57.11,57.25,54.16,56.97
2009-06-01,56.99,58.88,54.85,55.11
2009-06-08,55.37,56.82,54.26,56.1
2009-06-15,56.2,59.71,53.1,56.38
2009-06-22,56.32,57.88,54.77,56.84
2009-06-29,56.84,61.29,55.89,60.7
2009-07-06,60.51,62.49,58.51,62.15
2009-07-13,62.65,64.22,61.7,64.06
2009-07-20,63.95,64.98,59.49,59.61
2009-07-27,59.61,60.79,57.99,60.02
2009-08-03,60.24,63.51,59.97,62.43
2009-08-10,62.31,65.47,61.09,61.12
2009-08-17,61.12,61.12,58.53,58.63
2009-08-24,58.63,60.33,57,58.34
2009-08-31,58.34,59.98,57.49,59.63
2009-09-08,59.64,62.29,59.64,61.24
2009-09-14,61.2,64.74,60.47,64.6
2009-09-21,64.5,65.39,61.91,61.94
2009-09-28,62.1,63.35,60.59,60.66
2009-10-05,60.75,64.08,60.67,63.02
2009-10-12,63.04,69.49,63.02,68.21
2009-10-19,67.9,68.92,66.35,67.38
2009-10-26,67.68,68.59,66.1,67.64
2009-11-02,67.49,69.26,66.47,66.54
2009-11-09,66.89,71.49,65.87,71.33
2009-11-16,71.38,74.19,71.06,74.04
2009-11-23,74.15,75.74,72.8,73.84
2009-11-30,74.1,75.09,73.06,73.82
2009-12-07,74.28,75.09,73.3,74.31
2009-12-14,74,76.58,73.81,75.28
2009-12-21,75,75.79,73.35,73.65
2009-12-28,74.25,76.54,74.25,75.6
2010-01-04,75.9,76.77,72.43,72.44
2010-01-11,72.55,74.49,71.93,72.08
2010-01-19,72.2,72.64,70.52,71.07
2010-01-25,71.1,71.65,68.83,69.03
2010-02-01,69.06,70.67,66.55,66.62
2010-02-08,67.1,75.09,67.1,74.91
2010-02-16,74.9,79.27,74.68,78.98
2010-02-22,78.99,82.58,78.46,82.46
2010-03-01,82.46,84.6,80.66,82.43
2010-03-08,82.43,82.44,78.7,80.47
2010-03-15,80.47,82.83,79.82,82.18
2010-03-22,82.28,82.96,79.27,79.69
2010-03-29,79.89,81.72,79.37,81.5
2010-04-05,81.7,83.17,78,78.07
2010-04-12,78.37,82.81,78.1,81.59
2010-04-19,81.7,86.8,80.52,86.2
2010-04-26,86.21,87.1,83,84.13
2010-05-03,84.13,84.3,79.8,80.71
2010-05-10,81.25,82.49,80.29,80.72
2010-05-17,80.85,84.13,80.51,82.97
2010-05-24,82.97,83.23,80,80.05
2010-06-01,80.33,80.33,76.56,77.06
2010-06-07,77.06,83.99,75.8,81.54
2010-06-14,81.7,83.04,78.29,78.95
2010-06-21,78.76,79.57,77.48,78.91
2010-06-28,79,79.3,75.17,75.53
2010-07-06,75.4,76.09,73.55,74.99
2010-07-12,74.88,74.95,73.06,73.96
2010-07-19,74.01,75.54,72.96,75.34
2010-07-26,75.34,78.94,75.34,78.76
2010-08-02,78.76,81.78,78.16,80.23
2010-08-09,80.2,85.71,79.09,84.18
2010-08-16,84.18,84.79,82.88,83.55
2010-08-23,83.57,87.3,82.46,86.07
2010-08-30,85.93,89.95,85.75,89.45
2010-09-07,89.95,92.82,89.9,91.29
2010-09-13,91.29,98.79,91.25,98.22
2010-09-20,98.75,103.34,96.53,99.93
2010-09-27,101.33,106.4,97.92,98.02
2010-10-04,97.69,107.75,95.31,107.17
2010-10-11,107.25,119.8,107.25,109.87
2010-10-18,109.16,119.71,108,119.71
2010-10-25,120.97,130.5,120.5,125.26
2010-11-01,125.8,144.6,125.8,142.23
2010-11-08,143.15,157.23,139.21,140.18
2010-11-15,132.5,138.2,123.15,123.15
2010-11-22,123,123.74,111.13,111.76
2010-11-29,112.25,132.34,112.1,132.34
2010-12-06,133.55,140.95,126.42,136.97
2010-12-13,137.3,150.12,136.97,150.12
2010-12-20,151.64,159.12,148.12,148.12
2010-12-27,147.12,149.49,137.55,144.81
2011-01-03,144.97,149.09,139.61,140.6
2011-01-10,140.5,152.25,140.5,141.44
2011-01-18,142.99,156.94,142.47,156.94
2011-01-24,160.99,172.83,158.01,164.75
2011-01-31,165.89,181.22,165.46,167.86
2011-02-07,167.51,189.4,164.76,185.56
2011-02-14,186.61,208.93,182,194.93
2011-02-22,188.93,189.22,175.13,184.23
2011-02-28,189.56,212.7,187.21,212.7
2011-03-07,213.75,219.7,196.6,204.94
2011-03-14,204.94,206.83,185,199.12
2011-03-21,202.62,211.16,196.87,204.49
2011-03-28,202.89,204,192.23,195.55
2011-04-04,195.01,215.06,188.85,202.97
2011-04-11,204.98,207.73,176.46,177.4
2011-04-18,176.97,179.8,164,167.51
2011-04-25,168.65,172.44,146.5,158.02
2011-05-02,158.02,158.87,143.8,145.56
2011-05-09,145.1,155.12,142.06,145.15
2011-05-16,146.7,161.32,145.18,155.61
2011-05-23,155.85,159.67,150.75,152.67
2011-05-31,153.45,168.49,153.4,161.63
2011-06-06,161.55,163.56,144.31,150.03
2011-06-13,150.1,158,117.87,123.77
2011-06-20,123.77,127.72,118.69,121.92
2011-06-27,121.75,124.66,116.4,117.81
2011-07-05,118.1,119.59,112.26,113.88
2011-07-11,113.57,113.8,99.46,99.46
2011-07-18,96.94,102.13,94.46,98.64
2011-07-25,98,104.44,93.2,101.77
2011-08-01,101.75,108.62,100.08,101.58
2011-08-08,101.4,101.5,93.72,100.52
2011-08-15,101.02,108.39,100.52,106.22
2011-08-22,105,109,101.74,104.32
2011-08-29,104.1,107.23,103.5,105.89
2011-09-06,105.53,115.47,103.86,111.87
2011-09-12,111.87,114.83,109.41,110.52
2011-09-19,110,110.95,99,101.24
2011-09-26,100.65,103.17,98.21,100.19
2011-10-03,100.35,103.64,98.25,101.98
2011-10-10,102.12,104,99.67,101.94
2011-10-17,102,102.48,96.47,97.1
2011-10-24,97.1,105.05,96.96,104.37
2011-10-31,104,104.64,97.3,98.74
2011-11-07,98.67,100.78,95.96,99.24
2011-11-14,99.88,100.9,93.12,93.27
2011-11-21,93.44,93.71,89.33,90.87
2011-11-28,91.1,93.67,88.5,91.84
2011-12-05,91.84,93.93,90.15,90.43
2011-12-12,90.45,90.84,84.35,86.29
2011-12-19,86.24,88.14,85.9,87.24
2011-12-27,87.25,92.09,87.24,91.8
2012-01-03,92.25,96.48,91.85,95.86
2012-01-09,96,97.5,93.22,95.47
2012-01-17,95.94,99.47,95.67,98.6
2012-01-23,98.39,99.47,94.59,95.61
2012-01-30,95.63,97.86,92.69,96.34
2012-02-06,96.96,97.26,89.99,90.61
2012-02-13,90.86,94.57,90.62,92.65
2012-02-21,92.65,93.79,89.01,90.15
2012-02-27,90.75,92.74,87.8,88.23
2012-03-05,88.7,94.24,88.25,88.8
2012-03-12,88.18,89.16,87,87.48
2012-03-19,87.73,90.5,87.43,89.63
2012-03-26,89.65,94.39,89.36,93.52
2012-04-02,93.52,93.8,88.2,88.54
2012-04-09,88.54,93.75,88.5,92.08
2012-04-16,89.73,92.25,86.55,91.01
2012-04-23,91.2,92.86,90.05,91.23
2012-04-30,91.23,91.65,87.87,87.99
2012-05-07,88.01,88.42,77.16,78.97
2012-05-14,78.77,80.65,76.26,77.99
2012-05-21,77.99,79.05,70.53,73.62
2012-05-29,73.65,75.33,68.55,68.59
2012-06-04,68.59,74.88,66.1,72.9
2012-06-11,74.25,78.09,70.37,71.02
2012-06-18,71.32,74.8,67.38,69.12
2012-06-25,69.01,71.65,67.16,71.33
2012-07-02,71.21,72.75,69.97,70.62
2012-07-09,71.2,72.76,69.66,72.66
2012-07-16,72.5,73.4,70.45,72.94
2012-07-23,72.9,72.91,69.4,71.45
2012-07-30,71.5,73.97,70.21,73.94
2012-08-06,73.79,77.07,72.95,73.02
2012-08-13,73.1,74.17,71.59,73.76
2012-08-20,73.52,77.49,73.3,75.21
2012-08-27,75.5,77.29,75.11,77.26
2012-09-04,77.28,77.29,74.8,76.3
2012-09-10,76.18,76.6,72.75,75.9
2012-09-17,75.4,76.77,73.14,73.25
2012-09-24,73.5,73.67,70.46,70.65
2012-10-01,70.65,72.65,70.22,71.49
2012-10-08,71.99,72.53,70.41,71.36
2012-10-15,71.43,79.19,71.09,76.88
2012-10-22,76.8,77.63,72.06,72.42
2012-10-29,72.4,73.13,69.66,70.35
2012-11-05,70.2,71.1,69.03,69.58
2012-11-12,69.79,72.74,69.6,72.64
2012-11-19,72.54,73.15,71.28,71.43
2012-11-26,71.6,73.98,71.47,73.91
2012-12-03,73.91,74.41,72.43,73.79
2012-12-10,73.85,75.53,73.27,75.09
2012-12-17,75.01,76.29,75.01,76.18
2012-12-24,76.18,77.1,74.62,74.66
2012-12-31,74.71,76.95,73.72,75.05
2013-01-07,75.15,76.44,74.4,75.62
2013-01-14,75.62,78.88,75.12,78.55
2013-01-22,78.4,84,78.22,80.52
2013-01-28,80.72,83.88,80.18,83.1
2013-02-04,82.9,83.03,80.6,82.75
2013-02-11,82.55,83.86,81.35,83.19
2013-02-19,83.26,85.24,82.76,83.14
2013-02-25,83.16,85.97,81.39,85.4
2013-03-04,85.49,88.78,84.91,86.75
2013-03-11,86.92,93.93,85.59,92.57
2013-03-18,92.41,92.5,87.11,87.11
2013-03-25,87.3,90.27,86.12,88.46
2013-04-01,88.71,89.7,86.56,86.65
2013-04-08,86.79,87.39,83.46,86.01
2013-04-15,85.81,87.52,84.19,85.36
2013-04-22,85.36,86.29,82.84,84.25
2013-04-29,84.35,87.62,83.6,86.18
2013-05-06,86.35,88.4,85.39,86.69
2013-05-13,86.52,87.12,85,86.37
2013-05-20,86.35,86.91,81.03,81.53
2013-05-28,81.5,82.93,79.3,79.35
2013-06-03,79.46,86.38,79.32,84.73
2013-06-10,84.75,91.82,84.59,89.44
2013-06-17,88.5,89.46,84.32,84.53
2013-06-24,84.64,85.3,83.05,84.38
2013-07-01,84.15,85.89,83.2,85.03
2013-07-08,85.4,87.11,84.18,85.08
2013-07-15,84.69,86.39,83.58,85.9
2013-07-22,86.18,86.55,84.6,85.16
2013-07-29,85.12,86.24,84.34,85.02
2013-08-05,85.03,89.42,84.85,88.93
2013-08-12,88.56,93.72,87.75,93.32
2013-08-19,93.32,93.54,83.91,84.2
2013-08-26,84.26,85.54,82.43,83.59
2013-09-03,83.57,84.1,82.11,83.21
2013-09-09,83.37,85.15,82.91,84.39
2013-09-16,84.46,85.78,83.7,84.56
2013-09-23,84.5,86.98,84.1,86.69
2013-09-30,86.63,87.78,85.48,86.94
2013-10-07,87.12,87.12,83.1,83.26
2013-10-14,83.51,84.4,82.57,83.11
2013-10-21,83.11,83.4,78.76,78.91
2013-10-28,79.08,79.49,76.54,76.58
2013-11-04,76.58,78.94,75.27,76.9
2013-11-11,76.88,78.5,76.47,78.2
2013-11-18,78.2,79.45,76.65,77.23
2013-11-25,77.38,79.65,77.25,79.35
2013-12-02,78.92,80.52,78.2,80.41
2013-12-09,80.32,83.42,79.76,83.22
2013-12-16,83.21,83.85,82.34,83.15
2013-12-23,83,85.2,81.42,84.12
2013-12-30,84.12,85.29,82.9,83.31
2014-01-06,82.93,85.03,82.39,82.9
2014-01-13,82.73,87.14,82.62,87
2014-01-21,86.96,88.43,86.35,87.01
2014-01-27,87,87.16,83.66,85.87
2014-02-03,85.83,88.05,84.76,87.47
2014-02-10,87.54,89.63,86.66,89.04
2014-02-18,89.22,89.63,87.46,88.35
2014-02-24,88.35,90.44,86.12,87.14
2014-03-03,87.4,93.35,86.82,91.27
2014-03-10,91.1,93.75,90.44,92.19
2014-03-17,92.15,93.6,91.66,93.31
2014-03-24,93.31,97.35,89.84,93.74
2014-03-31,93.91,94.8,90.61,92.4
2014-04-07,92.4,92.86,88.63,89.02
2014-04-14,90,92.89,89.52,92.34
2014-04-21,92.5,93.52,90.73,93.25
2014-04-28,93.26,95.1,91.78,94.32
2014-05-05,94.31,94.77,92,92.36
2014-05-12,92.38,92.5,89.76,89.82
2014-05-19,89.8,90.66,85.26,86.31
2014-05-27,86.5,86.94,83.86,86.27
2014-06-02,86.27,88.6,84.72,84.78
2014-06-09,84.7,87.1,84.07,86.98
2014-06-16,77.75,77.95,76.1,77.08
2014-06-23,77.08,77.9,73.71,74.85
2014-06-30,74.73,75.07,71.52,72.06
2014-07-07,72,72.06,67.1,68.12
2014-07-14,67.91,69.14,67.25,67.74
2014-07-21,67.76,68.54,64.53,65.35
2014-07-28,65.32,66.05,62.02,63.27
2014-08-04,63.27,65.08,63.27,64.21
2014-08-11,64.11,65.27,63.29,64.35
2014-08-18,64.75,66.67,63.78,66.18
2014-08-25,66.21,67.72,65.01,66.57
2014-09-02,66.26,66.45,63.93,64.31
2014-09-08,64.27,68.48,64.12,68
2014-09-15,67.76,67.88,63.7,64.39
2014-09-22,64.4,64.4,60.83,61.89
2014-09-29,61.61,62.87,61.01,62.47
2014-10-06,62.7,65.5,62.32,64.1
2014-10-13,64.25,65.65,62.96,63
2014-10-20,63.15,64.66,61.98,63.81
2014-10-27,63.8,66.05,63.21,64.45
2014-11-03,64.45,64.88,62.02,64
2014-11-10,63.98,65.77,58.57,59.63
2014-11-17,59.5,59.96,58.74,59.52
2014-11-24,59.29,60.71,58.53,60.08
2014-12-01,59.95,60.91,58.97,59.64
2014-12-08,59.63,61.25,59.16,60.54
2014-12-15,60.6,61.13,59.49,60.89
2014-12-22,60.51,62.84,60.46,61.63
2014-12-29,61.55,62.29,59.47,59.58
2015-01-05,59.61,61.25,59.61,60.76
2015-01-12,60.7,60.75,58.66,59.23
2015-01-20,59.2,59.39,57.05,57.3
2015-01-26,57.4,59.78,57.26,59.36
2015-02-02,59.1,61.98,58.88,61.59
2015-02-09,61.63,63.49,61.25,63.32
2015-02-17,63.14,65.75,62.93,64.66
2015-02-23,64.44,66.24,63.58,64.93
2015-03-02,64.53,65.03,62.5,62.97
2015-03-09,62.75,63.14,60.26,60.5
2015-03-16,60.7,63.41,59.83,62.82
2015-03-23,62.59,64.55,62.36,63.55
2015-03-30,63.55,64.18,62.17,63.69
2015-04-06,63.84,67.19,63.75,65.06
2015-04-13,65.11,65.7,63.26,63.29
2015-04-20,63.42,66.59,62.35,66.33
2015-04-27,66.38,68.13,65.6,66.61
2015-05-04,66.61,66.93,64.96,66.16
2015-05-11,66.16,66.87,64.57,66.84
2015-05-18,66.84,66.93,63.28,63.3
2015-05-26,63.33,66.59,63.03,64.35
2015-06-01,64.35,65.95,63.33,64.01
2015-06-08,64.41,65.27,63.49,64.07
2015-06-15,64.3,65.16,62.6,63.9
2015-06-22,64.11,67.63,63.71,67.51
2015-06-29,67.4,68.11,65.05,67.39
2015-07-06,67.15,67.36,65.06,65.52
2015-07-13,65.5,66.25,64.6,65.22
2015-07-20,65.15,65.42,63.94,64.64
2015-07-27,64.63,64.98,63.27,64.21
2015-08-03,64.11,64.25,61.62,61.79
2015-08-10,61.65,66.51,61.2,65.95
2015-08-17,65.94,67,65.67,66.91
2015-08-24,66.71,66.75,62.26,63
2015-08-31,63.15,63.53,62.11,62.62
2015-09-08,62.62,64.2,62.05,63.13
2015-09-14,63.2,63.7,60.4,60.55
2015-09-21,60.47,61.17,59.7,60.64
2015-09-28,60.32,61.57,59.78,60.39
2015-10-05,60.2,62.48,60.2,61.61
2015-10-12,61.82,64.16,61.51,63.85
2015-10-19,63.95,64.69,62.37,62.76
2015-10-26,62.68,63.44,61.91,63.32
2015-11-02,63.34,63.85,61.65,61.66
2015-11-09,61.87,62.91,61.56,61.99
2015-11-16,61.81,63.55,61.67,62.83
2015-11-23,62.89,64.16,61.45,63.93
2015-11-30,63.95,64.89,62.28,64.71
2015-12-07,64.77,65.23,63.43,63.71
2015-12-14,63.81,64,62.87,63.69
2015-12-21,63.82,64.16,62.73,63.66
2015-12-28,63.66,64.44,63.05,63.28
2016-01-04,63.28,63.55,61.21,61.4
2016-01-11,61.4,62.46,61.15,61.41
2016-01-19,61.4,62.93,61.3,62.45
2016-01-25,62.37,62.49,60.67,61.13
2016-02-01,60.85,62.59,59.83,59.97
2016-02-08,59.95,60.12,57.85,58.64
2016-02-16,58.64,60.4,58.64,59.54
2016-02-22,59.47,60.16,57.26,57.53
2016-02-29,57.55,57.75,54.53,57.11
2016-03-07,57.19,57.9,55.66,57.15
2016-03-14,57.15,58.89,56.82,57.16
2016-03-21,57.1,58.58,57.06,57.72
2016-03-28,57.64,59.39,57.01,59.2
2016-04-04,59.29,60.58,58.54,60.07
2016-04-11,60.44,62.37,59.12,60.02
2016-04-18,59.89,64.74,59.65,63.69
2016-04-25,63.69,64.75,63.1,63.77
2016-05-02,63.81,64.65,61.63,61.83
2016-05-09,61.81,62.06,60.25,60.62
2016-05-16,60.68,62.88,60.6,61.73
2016-05-23,61.67,64.59,61.1,64.28
2016-05-31,64.28,64.46,62.81,63.92
2016-06-06,63.85,66.5,63.81,64.75
2016-06-13,65.03,66.64,62.52,65.92
2016-06-20,65.98,66.63,63.83,64.42
2016-06-27,64.31,66.42,64.15,64.99
2016-07-05,65.5,66.75,64.25,65.81
2016-07-11,65.94,75,65.88,74.28
2016-07-18,74.03,74.95,71.76,72.68
2016-07-25,72.5,74.78,71.54,74.04
2016-08-01,74.05,77.98,73.17,76.74
2016-08-08,76.77,77.1,70.2,70.65
2016-08-15,70.95,71.51,66.88,68.03
2016-08-22,68.05,69.12,67.07,68.03
2016-08-29,68.02,68.3,65.41,67.79
2016-09-06,67.8,69.59,67.63,69.08
2016-09-12,69.01,69.11,66.44,67.28
2016-09-19,67.56,72.36,67.18,70.07
2016-09-26,69.85,71,67.12,68.08
2016-10-03,68.1,70,66.85,66.98
2016-10-10,67.3,70.74,66.76,70.57
2016-10-17,70.49,71.79,68.61,69.07
2016-10-24,68.96,71.09,68.08,70.82
2016-10-31,70.72,70.85,67.7,68.53
2016-11-07,68.13,71.44,67.87,68.44
2016-11-14,68.5,72.75,67.97,72.32
2016-11-21,72.44,72.7,70.4,71.25
2016-11-28,71.25,72.3,70.05,71.04
2016-12-05,71.12,71.95,70.3,70.8
2016-12-12,70.77,72.43,70.65,71.04
2016-12-19,70.9,71,69.32,69.89
2016-12-27,69.77,71.96,69.52,70.65
2017-01-03,71.19,75.37,71.14,73.99
2017-01-09,73.99,74.18,72,72.27
2017-01-17,72.27,73.43,71.81,73.04
2017-01-23,73.14,75,72.53,74.85
2017-01-30,74.9,77.4,74.06,76.41
2017-02-06,76.46,76.5,75.05,75.82
2017-02-13,77.29,78.45,75.05,75.52
2017-02-21,75.68,77.19,75.41,76.57
2017-02-27,76.58,79.18,76.03,77.99
2017-03-06,78.15,79.46,77.1,77.29
2017-03-13,77.15,78.89,76.8,78.36
2017-03-20,78.33,78.74,76.67,77.47
2017-03-27,77.47,77.73,75.8,77.33
2017-04-03,77.31,78.07,73.38,73.46
2017-04-10,73.5,76.75,73.35,76.54
2017-04-17,76.61,79.39,76.54,79.33
2017-04-24,79.5,79.74,77.65,78.87
2017-05-01,78.82,79.44,77.71,77.77
2017-05-08,77.7,82.18,76.17,82.18
2017-05-15,83.03,87.18,78.42,79.45
2017-05-22,79.5,79.5,77.01,77.09
2017-05-30,77.1,77.81,76.57,76.69
2017-06-05,76.75,77.03,75.55,75.69
2017-06-12,75.72,75.75,68.58,69.36
2017-06-19,69.7,70.2,66.33,67.02
2017-06-26,67.31,68.69,66.15,68.59
2017-07-03,68.59,68.92,66.55,68.59
2017-07-10,68.77,68.77,66.28,66.58
2017-07-17,66.75,69.25,66.6,68.42
2017-07-24,68.79,69.72,67.76,68.8
2017-07-31,68.7,70.83,68.23,70.62
2017-08-07,70.67,71.2,67.75,68.25
2017-08-14,68.44,68.54,66.64,67.28
2017-08-21,67.23,70,67.17,68.15
2017-08-28,68.59,71.95,68.56,71.88
2017-09-05,72,75.75,72,74.59
2017-09-11,75.37,75.45,68.31,69.07
2017-09-18,68.93,69.95,67.86,68.46
2017-09-25,68.65,69.73,68.18,68.45
2017-10-02,68.8,69.97,67.4,68.84
2017-10-09,68.68,69.88,67.66,68.62
2017-10-16,68.54,68.88,66.84,66.88
2017-10-23,66.89,70.22,66.89,68.2
2017-10-30,68,69.37,67.95,68.72
2017-11-06,68.86,69.48,68.01,69.05
2017-11-13,69,69.75,68.58,69.35
2017-11-20,69.42,72.08,69.41,71.93
2017-11-27,71.98,73.46,71.02,73.28
2017-12-04,73.33,74.28,72.1,73.72
2017-12-11,73.72,76.75,72.76,75.92
2017-12-18,75.98,78.07,74.93,77.87
2017-12-26,77.9,79.45,77.17,78.63
2018-01-02,78.64,80.05,77.3,78.01
2018-01-08,78.1,84.65,77.93,81.68
2018-01-16,81.82,83.94,80.62,83.42
2018-01-22,83.35,83.95,80.32,80.48
2018-01-29,80.52,80.62,76.52,77.3
2018-02-05,77.36,77.91,75.74,76.68
2018-02-12,76.68,77.65,76.1,77.16
2018-02-20,77.01,81.42,76.96,81.34
2018-02-26,81.34,83.06,80.67,82.09
2018-03-05,82.5,86.6,81.71,84.52
2018-03-12,84.49,85.03,82.04,82.85
2018-03-19,82.99,83.86,80.95,81.83
2018-03-26,82.08,82.77,80.67,81.46
2018-04-02,81.8,83.46,78.62,82.54
2018-04-09,82.89,84.45,82.31,83.41
2018-04-16,83.53,84.83,81.97,84.73
2018-04-23,84.89,85.39,81.36,84.51
2018-04-30,84.54,87.06,83.32,86.9
2018-05-07,86.9,88.08,83.5,84.62
2018-05-14,84.7,87.6,83.36,86.55
2018-05-21,87.3,89.88,86.63,89.21
2018-05-29,89.69,96.4,89.57,93.3
2018-06-04,93.3,95.84,89.35,94.94
2018-06-11,95.55,96.5,89.52,89.85
2018-06-18,89.46,89.52,82.94,85.3
2018-06-25,85.3,86.22,83.35,83.92
2018-07-02,84.44,85.09,81.75,84.45
2018-07-09,84.35,89.3,84.14,87.86
2018-07-16,87.8,88.8,86.2,87.08
2018-07-23,86.98,88.59,86.1,88.34
2018-07-30,88.34,89.98,86.76,87.96
2018-08-06,87.65,89.17,85.1,85.23
2018-08-13,85.31,85.31,80.6,81.39
2018-08-20,81.43,84.05,81.13,81.63
2018-08-27,81.6,84.25,81.34,82.22
2018-09-04,82.69,83.4,81.2,81.99
2018-09-10,82.5,83.93,81.35,81.83
2018-09-17,81.93,82.38,77.9,79.13
2018-09-24,79.25,79.6,76.27,76.37
2018-10-01,76.25,77.2,75.37,76.06
2018-10-08,76.39,78.88,76.15,78.37
2018-10-15,78.7,79.16,77.33,77.92
2018-10-22,77.85,80.14,76.14,78.53
2018-10-29,78.83,79.78,76.49,78.79
2018-11-05,78.89,80.5,76.83,78.09
2018-11-12,78.09,79.34,75.62,78.29
2018-11-19,78.48,79.39,77.2,77.22
2018-11-26,77.2,79.32,77.18,78.91
2018-12-03,80,81.85,78.6,80.23
2018-12-10,80.35,80.66,78.62,79.6
2018-12-17,79.21,79.8,73.07,73.18
2018-12-24,73.8,74.18,71.87,72.19
2018-12-31,72.25,73.37,70.65,72.52
2019-01-07,72.52,73.92,71.54,72.49
2019-01-14,72.6,74.66,72.21,73.89
2019-01-22,74,74.29,72.75,74.13
2019-01-28,74,74.85,73.15,73.64
2019-02-04,73.75,74.11,72.45,72.55
2019-02-11,72.49,72.71,69.72,71.86
2019-02-19,72.27,75.16,71.85,73.01
2019-02-25,73.33,73.95,71.9,73.85
2019-03-04,74.15,74.9,72.51,73.49
2019-03-11,73.37,75.98,73.05,75.5
2019-03-18,75.4,77.82,74.89,76.58
2019-03-25,76.7,77.98,75.52,77.61
2019-04-01,77.73,78.48,76.47,78.25
2019-04-08,78.39,79.31,76.86,78.11
2019-04-15,78.77,79.25,76.3,78.27
2019-04-22,78.08,78.84,77.05,77.7
2019-04-29,77.7,78.09,75.37,75.68
2019-05-06,75.19,75.2,68.35,68.45
2019-05-13,68.5,68.59,64.5,65.99
2019-05-20,66.15,68.59,65.85,68.39
2019-05-28,68.46,69.81,68,68.08
2019-06-03,68.2,69.91,65.59,65.59
2019-06-10,65.65,67.52,64.85,65.75
2019-06-17,65.73,67.94,65.52,65.6
2019-06-24,65.57,67.6,65.57,66.08
2019-07-01,67.21,68.35,65.7,66.82
2019-07-08,66.66,67.1,62.6,62.68
2019-07-15,62.74,64.09,61.66,63.07
2019-07-22,63.17,64.68,62.9,64.54
2019-07-29,64.11,64.45,59.37,59.42
2019-08-05,59.6,60.14,57.26,58.9
2019-08-12,58.9,60.23,57.55,60.13
2019-08-19,60.25,60.25,58.06,58.21
2019-08-26,57.97,59.49,56.59,58.83
2019-09-03,58.65,59.86,57.55,58.43
2019-09-09,58.5,63.39,58.23,62.28
2019-09-16,62.57,62.78,60.2,60.52
2019-09-23,60.6,61.67,59.58,60.9
2019-09-30,60.98,62.91,60.08,61.67
2019-10-07,62.07,64,60.79,63.88
2019-10-14,64.2,65.85,61.72,65.16
2019-10-21,65.19,65.7,63.96,64.9
2019-10-28,65.11,65.99,63.81,64.23
2019-11-04,64.73,65.06,63.45,64.72
2019-11-11,64.57,66.88,63.73,66.69
2019-11-18,66.8,66.8,63.7,64.85
2019-11-25,64.9,66.14,64.75,65.36
2019-12-02,65.36,66.32,64.02,66
2019-12-09,66.01,67.8,64.81,66.8
2019-12-16,66.8,68.31,66.25,67.96
2019-12-23,67.97,69.34,67.57,68.75
2019-12-30,68.94,69.74,68.5,69.2
2020-01-06,69.29,71.39,69.05,71.31
2020-01-13,71.31,71.96,69.73,71.25
2020-01-21,71.25,71.3,68.71,69.4
2020-01-27,69.25,70.92,67.4,67.5
2020-02-03,67.29,68.42,66.75,67.75
2020-02-10,67.62,69.29,67.62,68.41
2020-02-18,68.42,70.24,68.42,69
2020-02-24,68.1,68.3,60.18,61.49
2020-03-02,62.45,65.07,61.7,62.79
2020-03-09,62,62.91,58.57,60.49
2020-03-16,59.4,59.72,53.2,53.68
2020-03-23,52.77,54.87,50.68,51.33
2020-03-30,51.05,51.73,48.35,50.98
2020-04-06,50.88,54.5,49.31,54.37
2020-04-13,54.33,54.55,51.91,52.86
2020-04-20,52.86,57.65,52.01,55.63
2020-04-27,55.48,57.98,54.55,55.84
2020-05-04,55.66,57.05,53.2,56.27
2020-05-11,55.75,58.86,55.75,58.25
2020-05-18,58.4,59.85,57.06,57.61
2020-05-26,57.8,59.45,56.56,57.59
2020-06-01,57.59,62.32,57.26,61.79
2020-06-08,62.16,62.16,59.35,59.84
2020-06-15,59.8,60.25,58.35,59.81
2020-06-22,60.05,60.09,58.55,59.5
2020-06-29,59.31,62.98,58.85,62.95
2020-07-06,63,64.9,62.45,64.31
2020-07-13,64.01,64.21,61.68,61.94
2020-07-20,61.94,63.46,59.51,60.1
2020-07-27,59.8,63.31,59.75,62.66
2020-08-03,62.6,65.05,62.15,62.36
2020-08-10,62.36,63.95,62.01,62.85
2020-08-17,63.19,64.72,62.68,64.28
2020-08-24,64.28,66.45,64.21,65.08
2020-08-31,64.7,66.44,63.9,64.99
2020-09-08,65.04,65.61,63.4,64.81
2020-09-14,64.81,66.93,64.81,65.66
2020-09-21,65.51,66.23,64.65,65.95
2020-09-28,65.95,66.6,64.7,65.82
2020-10-05,65.7,68.68,65.65,67.64
2020-10-12,68.02,70.04,68.02,69.92
2020-10-19,70,72.13,70,71.29
2020-10-26,71.35,72.6,68.37,68.92
2020-11-02,68.75,70.94,68.06,68.62
2020-11-09,68.66,70.75,68.37,70.4
2020-11-16,70.4,73.05,70.33,72.96
2020-11-23,72.99,74.27,71.85,73.24
2020-11-30,73.24,73.48,71.07,71.57
2020-12-07,71.65,74.75,71.35,74.08
2020-12-14,74.2,77.41,74.2,77.16
2020-12-21,77.2,77.3,74.28,76.2
2020-12-28,76.4,78.39,76.15,78.12
2021-01-04,78.25,80.93,78.25,79.77
2021-01-11,80,82.08,78.65,80.7
2021-01-19,80.88,83.06,80.6,81.56
2021-01-25,81.56,82.47,79.75,80.64
2021-02-01,80.68,84.89,79.8,82.74
2021-02-08,83,88.72,82.73,88.66
2021-02-16,88.68,91.16,88.68,90.48
2021-02-22,90.83,95.6,87.28,88.83
2021-03-01,89.2,92.8,85.67,87.76
2021-03-08,88.27,89.34,82.87,87.56
2021-03-15,87.87,87.87,83.65,84.68
2021-03-22,84.95,85.16,77.12,80.38
2021-03-29,80.74,81.52,77.75,77.95
2021-04-05,78.75,83.43,77.65,82.4
2021-04-12,82.4,86.35,79.84,85.03
2021-04-19,85.04,89.05,84.54,88.8
2021-04-26,88.8,91.66,86.06,88.08
2021-05-03,88.4,91,86.36,89.66
2021-05-10,89.4,89.74,82.1,82.43
2021-05-17,82.7,84.3,81.5,82.82
2021-05-24,82.7,83.53,81.65,82.12
2021-06-01,82.39,86.34,82.3,85.8
2021-06-07,85.83,87.74,84.1,87
2021-06-14,87,87.14,83.1,85.18
2021-06-21,85.15,87.55,84.1,87.18
2021-06-28,87.19,87.94,84.68,86.97
2021-07-06,87.6,88.89,86.08,87.71
2021-07-12,87.75,89.97,87.17,89.93
2021-07-19,89.9,90.59,86.35,89.66
2021-07-26,89.66,91,87.96,89.39
2021-08-02,89.44,91.94,89.01,91.7
2021-08-09,91.6,94.7,90.32,94.32
2021-08-16,94.24,96.71,91.8,93.1
2021-08-23,93.1,94.98,91.91,94.84
2021-08-30,94.81,94.97,92.08,94.02
2021-09-07,93.99,95.17,92.01,93.5
2021-09-13,93.21,93.97,92.13,92.33
2021-09-20,92.33,96.15,88.95,95.99
2021-09-27,96.02,107.28,96.02,104.53
2021-10-04,104.52,116.48,103.58,110.6
2021-10-11,110,112.89,103.5,107.33
2021-10-18,107.24,111.35,105.25,108.26
2021-10-25,107.84,115.15,107.66,114.85
2021-11-01,115.14,121.67,115.07,116.87
2021-11-08,117.2,120.75,116.2,117.69
2021-11-15,114.99,118.5,113.61,116.43
2021-11-22,116.45,116.5,110.81,111.78
2021-11-29,113.16,113.58,102.5,104.2
2021-12-06,104.3,107.35,104.05,106.23
2021-12-13,106.23,109.79,105.45,107.3
2021-12-20,107.69,109.45,104.27,109.12
2021-12-27,108.91,115.33,108.51,112.6
2022-01-03,112.76,117.68,112.76,115.12
2022-01-10,115.13,119.9,114.82,119.7
2022-01-18,119.77,124.78,119.05,120.75
2022-01-24,121.2,125.6,119.2,123.76
2022-01-31,123.76,129.37,123.25,126.46
2022-02-07,126.76,127.37,122.5,122.91
2022-02-14,122.91,123.17,118.76,121.16
2022-02-22,120.74,125.13,115.86,118.63
2022-02-28,118.16,123.31,116.15,116.42
2022-03-07,117.43,121.73,115.37,121.03
2022-03-14,121.03,126.86,117.05,126.86
2022-03-21,127.34,135.9,127.1,135.9
2022-03-28,135.7,141.8,134.05,134.55
2022-04-04,134.6,140.45,132.3,132.41
2022-04-11,132.46,144.78,131.58,140.71
2022-04-18,141.31,144,135,135.85
2022-04-25,135.76,151.1,132.33,145.63
2022-05-02,145.7,155.95,143.36,143.61
2022-05-09,143.48,148.17,142.1,145.2
2022-05-16,145.66,151.95,141.12,142.27
2022-05-23,142.61,147.14,139.05,139.42
2022-05-31,139.42,142,134.12,138.18
2022-06-06,139.48,147.7,136.1,145.06
2022-06-13,145.3,146.55,117.3,118.29
2022-06-21,117.5,117.93,97.33,98.05
2022-06-27,97.5,99.49,91.2,97.48
2022-07-05,97.4,97.47,88.1,95.63
2022-07-11,95.88,96.69,82.54,88.71
2022-07-18,89.01,94.85,88.8,90.89
2022-07-25,90.91,97.65,89.5,96.74
2022-08-01,96.58,97.52,91.6,96.13
2022-08-08,96.04,108.59,95.14,108.59
2022-08-15,111.53,119.59,111.01,116.01
2022-08-22,115.5,118.4,111.21,117.68
2022-08-29,117.68,118.53,103.21,103.21
2022-09-06,103.3,106,101.19,104.84
2022-09-12,105,108.1,99.29,99.29
2022-09-19,99.1,99.74,92.38,92.54
2022-09-26,92.5,93.74,83.6,85.34
2022-10-03,85.39,90.52,81.55,84.23
2022-10-10,84.75,89.78,82,83.15
2022-10-17,83.04,84.68,75.8,79.13
2022-10-24,79.4,80.8,72.11,72.11
2022-10-31,72.11,87.87,70.21,86.93
2022-11-07,86.23,89.31,84.19,88.2
2022-11-14,88.2,89.92,82.15,83.78
2022-11-21,83.47,83.66,79.3,80.18
2022-11-28,80.17,87.23,77.5,83.2
2022-12-05,83.29,86.39,80.1,80.95
2022-12-12,80.95,82.55,78.8,81.92
2022-12-19,81.92,89.65,81.33,85.21
2022-12-27,85.23,85.64,82.36,83.37
2023-01-03,83.37,86.1,80.37,85.68
2023-01-09,85.67,87.97,81.65,82.29
2023-01-17,82.4,86.79,81.97,86.7
2023-01-23,86.7,88.88,85.12,86.89
2023-01-30,87.25,87.4,84.5,85.43
2023-02-06,85.13,86.99,83.07,85.27
2023-02-13,85.58,86.77,80.88,81.5
2023-02-21,81.9,85.05,81.08,84.9
2023-02-27,84.9,86.25,83.11,84.17
2023-03-06,84.18,85.38,78.18,78.18
2023-03-13,78.69,82.49,76.86,77.83
2023-03-20,77.6,79.8,75.7,76.62
2023-03-27,76.84,83.95,76.55,82.78
2023-04-03,83.38,83.64,80.22,83.2
2023-04-10,83,83.81,81.9,82.93
2023-04-17,82.94,85.23,79.65,80.2
2023-04-24,80.38,81.81,77.68,80.55
2023-05-01,80.55,84.52,78.56,84.06
2023-05-08,83.9,84.87,79.52,80.53
2023-05-15,80.54,87.98,80.53,86.72
2023-05-22,86.72,87.25,79.86,83.35
2023-05-30,83.64,87.16,82.56,86.05
2023-06-05,85.99,86.96,83.77,84.04
2023-06-12,84.1,84.27,79.05,80.1
2023-06-20,80.44,81.2,78.2,78.67
2023-06-26,78.55,80.59,76.81,80.37
2023-07-03,80.31,81.94,79.21,81.17
2023-07-10,81,83.1,78.97,81.22
2023-07-17,81.22,85.8,81.01,84.48
2023-07-24,84.48,88.39,84.01,84.26
2023-07-31,84.01,86.31,83.25,84.29
2023-08-07,84.34,88.83,84.27,87.89
2023-08-14,87.69,87.8,83.4,83.62
2023-08-21,83.8,87.49,83.6,87.31
2023-08-28,87.12,90,86.11,89.95
2023-09-05,89.06,89.24,85.16,85.91
2023-09-11,85.94,88.61,85.89,86.44
2023-09-18,86.55,88.42,85.55,85.91
2023-09-25,85.91,89.89,85.8,87.15
2023-10-02,87.3,88.06,86.45,87.14
2023-10-09,87.31,88.76,84.14,86.06
2023-10-16,86.2,86.23,81.51,82.4
2023-10-23,82.29,85.44,81.68,84.38
2023-10-30,84.38,85.25,79.2,79.62
2023-11-06,79.42,79.97,74.77,77.32
2023-11-13,77.3,81.87,76.82,81.51
2023-11-20,81.21,81.8,79.7,80.99
2023-11-27,80.8,80.99,78.86,79.56
2023-12-04,79.42,83.13,78.59,81.44
2023-12-11,81.46,82.5,79.83,79.93
2023-12-18,80,80.89,78.31,79.76
2023-12-26,79.76,81.75,79.51,80.95
2024-01-02,80.87,81.75,79.59,80.1
2024-01-08,80.01,82.22,79.6,81.31
2024-01-16,81.31,84.72,80.68,83.95
2024-01-22,83.89,85.86,83.54,84.37
2024-01-29,84.46,87.32,83.65,87.11
2024-02-05,86.93,92,86.51,91.78
2024-02-12,91.52,96.42,89.4,94.42
2024-02-20,94.25,94.9,90.84,93.49
2024-02-26,93.36,103.8,92.5,95.57
2024-03-04,93.95,101.5,92.89,95.28
2024-03-11,94.86,97.53,93.2,93.94
2024-03-18,93.88,96.2,91.42,91.53
2024-03-25,91.69,94.27,90.51,91.38
2024-04-01,91.57,92.9,86.17,86.25
2024-04-08,86.33,88.24,81.7,82.64
2024-04-15,82.6,85.58,79.7,80.9
2024-04-22,81.12,82.96,80.63,80.92
2024-04-29,81.29,82.5,74.93,77.92
2024-05-06,78.06,80.29,76.51,77.45
2024-05-13,77.45,78.43,73.68,75.92
2024-05-20,75.91,82.6,74.98,80.41
2024-05-28,80.66,83.19,76.07,76.15
2024-06-03,76.15,76.53,72.26,73.85
2024-06-10,73.84,74.28,71.2,72.24
2024-06-17,72.15,73.59,70,72.33
2024-06-24,72.43,75.84,72.07,72.71
2024-07-01,72.69,73.75,70.83,71.1
2024-07-08,71,71.96,70.21,71.34
2024-07-15,71.25,73,70.54,70.78
2024-07-22,70.78,71.23,67.5,68.05
2024-07-29,68.14,70.2,67.8,68.33
2024-08-05,68.3,68.79,66.55,68.38
2024-08-12,68.34,70.8,66.26,67.24
2024-08-19,67.24,71.25,67.24,70.78
2024-08-26,70.8,71.36,68.27,69.95
2024-09-03,69.92,71.18,67.8,67.83
2024-09-09,68,70.85,67.51,69.86
2024-09-16,69.69,74.23,69.58,73.56
2024-09-23,73.6,74.55,71.68,72.77
2024-09-30,72.97,74,71.86,73.3
2024-10-07,73,74.14,71.11,72.12
2024-10-14,72.2,72.2,70.16,71.06
2024-10-21,71.05,72.75,70.61,70.68
2024-10-28,70.69,71.4,69.26,70.22
2024-11-04,70.18,71.36,68.95,70.96
2024-11-11,70.97,71.86,67.96,68.93
2024-11-18,69,71.12,68.4,70.77
2024-11-25,70.77,72.15,70.76,71.95
2024-12-02,71.91,72.06,70.06,70.1
2024-12-09,70.01,70.75,69.05,69.3
2024-12-16,69.27,69.91,67.48,68.12
2024-12-23,68.15,69.86,68.15,68.8
2024-12-30,68.78,69.44,67.63,67.76
2025-01-06,67.76,69.15,66.9,66.96
2025-01-13,67.08,67.98,66.6,67.56
2025-01-21,67.66,68.44,66.76,67.68
2025-01-27,67.69,68.17,65.7,65.9
2025-02-03,65.57,67.31,65.01,65.77
2025-02-10,65.73,68.85,65.73,68.35
2025-02-18,68.56,69.25,67.02,67.33
2025-02-24,67.36,68.19,65.18,65.33
2025-03-03,65.33,66.39,62.54,66.13
2025-03-10,66,67.63,65.42,67.33
2025-03-17,67.49,67.8,65.24,65.35
2025-03-24,65.39,67.1,64.83,66.89
2025-03-31,66.8,68.58,60.8,63.33
2025-04-07,62.22,67.62,61.81,65.84
2025-04-14,66,67.2,63.75,67.11
2025-04-21,67.2,69.75,66.21,68.7
2025-04-28,68.8,68.86,65.53,68.36
2025-05-05,68.26,69.1,66.22,66.72
2025-05-12,67.61,68.89,64.75,65.14
2025-05-19,65.1,66.53,64.88,66.06
2025-05-27,66.1,66.79,64.51,65.09
2025-06-02,65.16,66.7,64.71,65.58
2025-06-09,65.56,68.16,64.69,67.9
2025-06-16,67.84,68.2,66.41,66.76
2025-06-23,66.7,69.52,66.27,69.32
2025-06-30,69.35,69.48,67.76,68.43
2025-07-07,68.17,68.37,67.13,67.42
2025-07-14,67.44,69.15,67.36,68.76
2025-07-21,68.74,68.99,67.8,68.23
2025-07-28,68.38,68.77,66.34,66.42
2025-08-04,66.36,67.72,65.88,66.64
2025-08-11,66.55,68.5,66.55,67.48
2025-08-18,67.35,68.3,67.22,68
2025-08-25,68,68.2,66.51,66.53
2025-09-02,66.63,66.86,65.8,66.09
2025-09-08,66.09,67.1,65.91,66.76
2025-09-15,66.8,67.84,66.27,66.3
2025-09-22,66.35,67.02,66.03,66.33
2025-09-29,66.3,66.62,64.7,65.3
2025-10-06,65.36,65.56,63.26,63.77
2025-10-13,64,64.5,62.71,64.29
2025-10-20,64.17,64.78,63.65,64.18
2025-10-27,64.5,66.1,64.34,65.56
2025-11-03,65.85,66.04,63.52,63.55
2025-11-10,63.76,65.12,62.86,64.14
2025-11-17,64.14,64.87,63.11,63.93
2025-11-24,63.95,64.95,63.89,64.73
2025-12-01,64.7,64.85,63.82,63.95
2025-12-08,63.91,64.53,63.55,63.83
2025-12-15,63.83,64.39,62.97,63.65
2025-12-22,63.75,64.81,63.48,64.46
2025-12-29,64.46,64.8,63.68,64.01
2026-01-05,64.3,65.76,64.24,64.48
2026-01-12,64.47,65.25,64.47,64.62
2026-01-20,64.72,64.97,63.57,63.84
2026-01-26,63.84,64.4,62.55,63.11
2026-02-02,62.97,63.21,60.9,61.07
2026-02-09,61.1,64.5,60.99,64.18
2026-02-17,64.13,65.72,63.41,65.55
2026-02-23,65.5,66.38,64.99,65.56
2026-03-02,65.59,65.76,63.62,64.21
2026-03-09,64.2,66.25,64.08,65.8
2026-03-16,65.9,69.22,65.9,67.34
2026-03-23,67.6,70.31,66.65,69.47
2026-03-30,69.48,71.38,68.6,70.88
2026-04-06,70.92,73.64,70.3,73.26
2026-04-13,73.33,79.92,72.65,79.84
2026-04-20,79.76,81.79,77.66,79.56
2026-04-27,79.36,84.27,78.7,84.24
2026-05-04,84.39,84.9,81.9,84.7
2026-05-11,84.75,88.88,79.94,80.33
2026-05-18,81.22,84.1,76.84,77.34
2026-05-26,77,79.09,75.42,76.04
2026-06-01,77.46,78.36,73.28,73.6
2026-06-08,73.75,74.47,70.92,73.02
2026-06-15,76.6,80.47,76.11,79.8
2026-06-22,79.67,80.4,75.5,76.17
2026-06-29,76.19,78.5,76.17,77.11
2026-07-06,77.81,81.6,77.55,81.55
2026-07-13,81.6,82.96,77.73,78.63
2026-07-20,78.94,82.05,78.68,79.89
2026-07-27,79.8,81.95,79.2,81.65
2026-08-03,81.37,84.49,80.39,84.38
2026-08-10,84.12,85.25,82.6,84.72
2026-08-17,84.58,89.45,84.26,88.28
2026-08-24,88.35,92.75,87.05,91.46
2026-08-31,91.25,93.74,85.68,86.43
2026-09-08,86.4,88.8,85.56,86.19
2026-09-14,86.2,86.51,80.71,81.13
2026-09-21,81.39,83.96,81.39,83.16
