threshold,market,start,end,L,close0,close_end,band_hi_pct,band_lo_pct,d_nc_net,d_nc_net_pct_oi,nc_net_end,oi_avg,dir,fwd4,fwd8,fwd12
0.05,可可 (ICE),2011-03-15,2011-04-19,5,3103.0,3088.0,4.48,-3.8,-13853,7.46,14125,185623,减仓,-6.023316062176165,-5.537564766839376,2.590673575129543
0.05,可可 (ICE),2011-05-10,2011-06-07,4,3002.0,2982.0,0.0,-3.33,-13578,7.14,3224,190099,减仓,5.801475519785382,-0.9725016767270334,3.8900067069081112
0.05,可可 (ICE),2011-07-26,2011-08-23,4,2974.0,3075.0,3.4,-2.25,-11673,5.96,3986,195994,减仓,-14.341463414634148,-16.552845528455286,-20.06504065040651
0.05,可可 (ICE),2011-10-04,2011-11-08,5,2635.0,2559.0,4.29,-2.88,13390,5.75,-1805,233019,增仓,-19.226260257913253,-13.325517780382967,-10.121141070730754
0.05,可可 (ICE),2012-04-17,2012-05-15,4,2269.0,2259.0,2.2,-0.44,10456,5.45,-6824,192004,增仓,-0.7082779991146482,-1.9034971226206232,8.809207613988491
0.05,可可 (ICE),2012-06-05,2012-07-10,5,2205.0,2216.0,3.9,-4.22,24060,12.71,12405,189285,增仓,10.920577617328519,17.824909747292427,7.490974729241873
0.05,可可 (ICE),2012-10-16,2012-12-04,7,2469.0,2412.0,1.9,-4.46,15257,6.88,44756,221852,增仓,-5.4311774461028195,-11.111111111111116,-12.56218905472637
0.05,可可 (ICE),2012-12-18,2013-01-29,4,2312.0,2199.0,0.0,-4.89,-24817,11.12,18368,223138,减仓,-5.457025920873127,-1.4552069122328315,7.639836289222379
0.05,可可 (ICE),2013-04-16,2013-05-14,4,2340.0,2308.0,3.08,-1.5,23878,10.28,52234,232328,增仓,-2.512998266897748,-3.119584055459268,7.01906412478337
0.05,可可 (ICE),2013-06-11,2013-07-09,4,2250.0,2236.0,0.0,-4.18,-24003,11.68,27911,205487,减仓,10.465116279069765,8.407871198568873,17.397137745974955
0.05,可可 (ICE),2013-08-13,2013-09-17,5,2489.0,2608.0,4.78,-2.61,17465,8.03,69022,217549,增仓,4.064417177914104,4.524539877300615,6.556748466257667
0.05,可可 (ICE),2014-02-18,2014-05-13,12,2962.0,2915.0,1.76,-3.38,-33074,13.99,52471,236360,减仓,6.5180102915952,6.003430531732423,10.737564322469972
0.05,可可 (ICE),2014-05-20,2014-06-17,4,3023.0,3103.0,2.71,0.0,21376,8.64,74254,247430,增仓,-0.6767644215275537,4.318401546890116,-1.6113438607798902
0.05,可可 (ICE),2014-08-19,2014-10-21,9,3192.0,3047.0,3.85,-4.54,-22580,9.04,56025,249899,减仓,-7.6140466032162735,-2.3629799803084994,-3.085001640958318
0.05,可可 (ICE),2014-12-09,2015-01-20,6,2865.0,2953.0,3.84,0.0,23944,10.35,64780,231415,增仓,-0.8465966813410053,-6.400270910938033,-3.6572976633931553
0.05,可可 (ICE),2015-03-10,2015-04-07,4,2816.0,2784.0,0.0,-2.7,-35349,14.49,27636,243969,减仓,5.962643678160928,11.458333333333325,17.45689655172413
0.05,可可 (ICE),2015-07-21,2015-08-25,5,3194.0,3073.0,0.28,-4.16,-31054,12.65,38413,245569,减仓,6.280507647250233,2.017572404816148,9.892613081679148
0.05,可可 (ICE),2015-10-27,2015-12-08,6,3259.0,3357.0,4.14,-1.14,30828,10.73,70034,287353,增仓,-10.694072088173968,-16.68156091748585,-10.7536490914507
0.05,可可 (ICE),2016-01-12,2016-02-16,5,2906.0,2877.0,0.0,-4.85,-15181,5.28,19956,287634,减仓,8.446298227320126,3.5453597497393075,3.3368091762252305
0.05,可可 (ICE),2016-05-10,2016-06-07,4,2973.0,3097.0,4.17,-1.75,-27792,10.01,27228,277613,减仓,-3.454956409428478,-2.9706167258637395,-6.490151759767516
0.05,可可 (ICE),2016-08-02,2016-08-30,4,3005.0,2896.0,2.83,-3.63,23635,9.5,42475,248703,增仓,-4.005524861878451,-4.868784530386739,-16.540055248618778
0.05,可可 (ICE),2016-09-06,2016-10-04,4,2896.0,2777.0,0.0,-4.11,-14411,5.59,22798,257833,减仓,-6.769895570759809,-13.53979114151963,-18.869283399351822
0.05,可可 (ICE),2016-12-06,2017-01-31,8,2165.0,2063.0,4.39,-4.71,-16723,5.12,-16303,326809,减仓,-5.4774600096946235,1.5026660203587117,-11.051866214251094
0.05,可可 (ICE),2017-04-11,2017-05-09,4,1914.0,1998.0,4.39,-4.13,-18227,5.5,-34176,331324,减仓,2.4024024024023927,-4.254254254254253,-1.0510510510510551
0.05,可可 (ICE),2017-09-12,2017-10-10,4,2009.0,2087.0,3.88,-1.29,24221,8.44,-11846,287037,增仓,6.037374221370384,-8.385241974125535,-13.176808816482987
0.05,可可 (ICE),2017-10-17,2017-11-14,4,2138.0,2120.0,3.51,-4.07,27853,9.66,19134,288470,增仓,-10.377358490566035,-9.339622641509438,-2.688679245283021
0.05,可可 (ICE),2019-02-05,2019-03-26,7,2231.0,2286.0,4.84,-3.23,-40115,14.41,-31483,278314,减仓,2.012248468941391,7.655293088363946,9.40507436570428
0.05,可可 (ICE),2019-04-02,2019-06-25,12,2413.0,2435.0,3.65,-4.43,68392,23.97,47727,285381,增仓,-1.8069815195071892,-8.501026694045176,1.642710472279263
0.05,可可 (ICE),2019-08-06,2019-09-03,4,2257.0,2215.0,0.0,-2.7,-49798,16.8,-21439,296437,减仓,11.873589164785558,11.01580135440181,15.30474040632055
0.05,可可 (ICE),2019-09-17,2019-11-05,7,2475.0,2492.0,1.66,-1.29,46102,13.71,37822,336217,增仓,4.97592295345104,1.1235955056179803,10.95505617977528
0.05,可可 (ICE),2020-01-14,2020-02-11,4,2799.0,2879.0,3.57,-1.21,33640,8.83,81269,380857,增仓,-15.838832928100032,-19.868009725599165,-16.81139284473776
0.05,可可 (ICE),2020-04-14,2020-06-09,8,2354.0,2316.0,2.76,-1.61,12809,5.05,7418,253795,增仓,-6.260794473229703,10.146804835924005,12.132987910189975
0.05,可可 (ICE),2020-06-16,2020-07-21,5,2246.0,2216.0,1.2,-3.65,-20923,8.54,-17767,244956,减仓,9.025270758122739,20.397111913357403,6.453068592057765
0.05,可可 (ICE),2021-01-26,2021-03-09,6,2522.0,2584.0,3.65,-3.01,11987,5.05,50272,237319,增仓,-7.469040247678016,-4.450464396284826,-6.73374613003096
0.05,可可 (ICE),2021-03-16,2021-05-04,7,2479.0,2469.0,0.0,-3.99,-37432,17.19,12956,217726,减仓,-2.3896314297286336,-6.034831915755367,-4.455245038477118
0.05,可可 (ICE),2021-06-01,2021-07-20,7,2410.0,2320.0,0.0,-4.15,-31006,12.12,-10461,255723,减仓,10.301724137931046,14.655172413793105,12.456896551724128
0.05,可可 (ICE),2021-08-10,2021-09-07,4,2608.0,2647.0,1.5,-1.88,15128,5.82,24588,260055,增仓,4.117869285984144,-9.293539856441257,-6.837929731771819
0.05,可可 (ICE),2021-11-23,2021-12-21,4,2390.0,2460.0,4.14,0.0,-16348,5.96,-7314,274262,减仓,8.943089430894302,7.235772357723569,3.0894308943089532
0.05,可可 (ICE),2022-02-15,2022-04-26,10,2638.0,2571.0,1.78,-3.87,-25543,8.63,18081,296133,减仓,-4.122909373784522,-5.017502917152861,-10.929599377674059
0.05,可可 (ICE),2022-05-03,2022-06-14,6,2472.0,2442.0,0.0,-2.47,-43245,13.0,-11479,332753,减仓,-4.668304668304668,-2.047502047502048,-1.4332514332514368
0.05,可可 (ICE),2022-07-26,2022-09-27,9,2328.0,2342.0,3.87,-3.18,-18845,5.27,-32129,357877,减仓,-1.6225448334756587,5.50811272416738,12.596071733561054
0.05,可可 (ICE),2022-11-01,2022-12-13,6,2428.0,2470.0,4.53,0.0,38825,11.8,10490,329121,增仓,7.489878542510131,6.153846153846154,9.23076923076922
0.05,可可 (ICE),2023-01-17,2023-02-28,6,2655.0,2760.0,4.63,-3.54,33672,9.26,47141,363659,增仓,6.195652173913047,6.376811594202891,8.695652173913038
0.05,可可 (ICE),2023-03-21,2023-04-25,5,2880.0,2936.0,3.51,0.0,29909,6.89,57963,433904,增仓,2.1798365122615904,10.3882833787466,20.027247956403272
0.05,糖 11号 (ICE),2012-08-14,2012-09-11,4,20.15,19.9,0.0,-3.82,-52122,6.01,50185,867629,减仓,0.7537688442211143,-4.2211055276381915,-3.467336683417077
0.05,糖 11号 (ICE),2012-10-09,2012-11-27,7,20.05,19.34,1.15,-4.94,-72932,8.77,29119,831198,减仓,-0.7755946225439403,-6.049638055842799,-3.3609100310237783
0.05,糖 11号 (ICE),2013-01-15,2013-04-09,12,18.46,18.06,1.9,-4.55,-76578,8.16,-37034,938208,减仓,-3.70985603543742,-9.02547065337762,-10.077519379844968
0.05,糖 11号 (ICE),2013-07-23,2013-09-24,9,16.47,16.81,4.25,-0.85,119284,11.73,113710,1017323,增仓,13.325401546698412,3.985722784057111,-2.320047590719787
0.05,糖 11号 (ICE),2013-12-03,2013-12-31,4,16.58,16.08,0.0,-3.02,-82559,8.25,24623,1001146,减仓,-2.985074626865658,9.825870646766187,11.815920398009961
0.05,糖 11号 (ICE),2014-02-25,2014-04-08,6,17.66,16.8,1.98,-4.87,95293,9.74,166453,978869,增仓,2.3809523809523725,0.7142857142857117,6.0119047619047405
0.05,糖 11号 (ICE),2014-05-20,2014-07-22,9,17.37,17.14,3.17,-2.99,-117651,11.91,72758,987433,减仓,-8.751458576429405,-21.236872812135353,-3.033838973162195
0.05,糖 11号 (ICE),2014-12-23,2015-01-27,5,14.7,14.79,4.29,-3.61,91586,9.2,70147,995409,增仓,-6.896551724137934,-17.98512508451655,-10.547667342799183
0.05,糖 11号 (ICE),2015-04-07,2015-05-12,5,12.83,12.89,4.6,0.0,113991,11.0,75423,1036043,增仓,-9.076803723816907,-3.723816912335143,-17.30023273855702
0.05,糖 11号 (ICE),2015-10-06,2015-11-03,4,14.34,14.46,1.26,-0.49,73702,7.16,224470,1029257,增仓,7.05394190871369,5.394190871369298,-9.128630705394192
0.05,糖 11号 (ICE),2015-12-08,2016-01-12,5,14.58,14.92,4.53,-0.82,-57264,5.04,180571,1137117,减仓,-11.863270777479896,1.4075067024128751,-1.5415549597855294
0.05,糖 11号 (ICE),2016-09-27,2016-11-08,6,22.8,21.7,2.72,-4.82,-68864,6.36,282519,1083138,减仓,-11.336405529953918,-4.377880184331795,-2.718894009216588
0.05,糖 11号 (ICE),2017-08-22,2017-09-19,4,14.03,13.98,3.71,-2.0,53927,5.58,-23568,966734,增仓,0.14306151645206988,9.942775393419168,-2.288984263233196
0.05,糖 11号 (ICE),2018-01-16,2018-03-13,8,13.25,12.65,3.25,-4.53,-76431,7.62,-110752,1002800,减仓,-4.5059288537549484,-11.304347826086957,-3.1620553359683834
0.05,糖 11号 (ICE),2018-05-22,2018-06-26,5,12.46,12.25,0.48,-3.53,73981,6.56,29695,1128516,增仓,-11.183673469387745,-16.326530612244895,-11.510204081632658
0.05,糖 11号 (ICE),2018-07-10,2018-08-07,4,10.96,10.54,1.46,-3.83,-60927,5.41,-75089,1126733,减仓,4.459203036053139,19.829222011385216,27.514231499051235
0.05,糖 11号 (ICE),2018-11-06,2019-01-08,7,12.73,12.76,1.1,-3.06,-123241,12.38,-44394,995246,减仓,-0.39184952978055243,-4.545454545454541,0.0
0.05,糖 11号 (ICE),2019-03-12,2019-04-23,6,12.52,12.26,2.0,-2.08,86826,8.4,5144,1033039,增仓,-4.893964110929849,-0.2446982055464897,-5.464926590538333
0.05,糖 11号 (ICE),2019-04-30,2019-05-28,4,12.01,12.1,0.75,-3.83,-123179,11.08,-145405,1112147,减仓,4.297520661157028,-0.6611570247933907,-5.2066115702479205
0.05,糖 11号 (ICE),2019-06-04,2019-07-09,5,12.5,12.3,2.0,-2.16,117659,11.11,-8843,1059001,增仓,-3.577235772357734,-10.406504065040656,3.7398373983739797
0.05,糖 11号 (ICE),2019-07-16,2019-09-03,7,11.59,11.02,3.71,-4.92,-112909,9.89,-156591,1141693,减仓,15.789473684210531,13.248638838475513,17.422867513611617
0.05,糖 11号 (ICE),2019-10-22,2019-11-19,4,12.35,12.83,3.89,0.0,98778,9.0,-104865,1097169,增仓,5.533904910366316,12.626656274356973,17.381137957911143
0.05,糖 11号 (ICE),2019-11-26,2019-12-24,4,12.94,13.54,4.64,0.0,144362,12.36,56895,1167690,增仓,6.27769571639587,15.140324963072382,-19.42392909896602
0.05,糖 11号 (ICE),2020-01-14,2020-02-11,4,14.45,15.06,4.22,-0.42,76191,5.36,187035,1422775,增仓,-22.310756972111555,-30.74369189907039,-31.673306772908372
0.05,糖 11号 (ICE),2020-06-02,2020-07-07,5,12.02,11.76,1.83,-3.91,74745,6.61,130022,1131569,增仓,7.738095238095233,1.4455782312925214,15.221088435374153
0.05,糖 11号 (ICE),2020-07-28,2020-08-25,4,12.64,12.6,3.64,-0.32,97509,8.24,236597,1182866,增仓,3.1746031746031855,16.825396825396833,20.71428571428573
0.05,糖 11号 (ICE),2021-04-13,2021-05-11,4,16.72,16.96,4.61,0.0,102283,8.55,301721,1196902,增仓,3.4198113207547065,1.8867924528301883,10.14150943396226
0.05,糖 11号 (ICE),2021-08-17,2021-10-26,10,19.58,19.27,3.63,-4.03,-114258,9.91,187631,1153172,减仓,0.4151530877011034,-0.15568240788791377,-1.9200830306175476
0.05,糖 11号 (ICE),2021-11-23,2021-12-21,4,19.35,19.24,1.86,-3.1,-69668,6.64,181920,1049711,减仓,-1.7671517671517645,-5.405405405405405,-1.6112266112266016
0.05,糖 11号 (ICE),2021-12-28,2022-02-15,7,18.88,18.2,0.11,-4.4,-103273,10.01,77060,1031564,减仓,4.010989010989019,10.219780219780228,5.329670329670333
0.05,糖 11号 (ICE),2022-03-01,2022-03-29,4,19.35,19.37,1.34,-2.17,78927,8.21,166573,961290,增仓,-1.135776974703162,1.23902942694889,-5.162622612287038
0.05,糖 11号 (ICE),2022-04-19,2022-06-14,8,19.24,18.6,3.69,-3.33,-90819,9.21,164185,986119,减仓,3.4946236559139754,0.0,-2.04301075268819
0.05,糖 11号 (ICE),2022-06-21,2022-08-09,7,18.37,18.6,4.79,-4.52,-163388,18.49,-9197,883695,减仓,-2.04301075268819,0.4301075268817067,0.5913978494623606
0.05,糖 11号 (ICE),2022-09-20,2022-10-18,4,18.28,18.38,3.06,-3.45,98725,11.74,118046,840942,增仓,9.08596300326443,9.30359085963004,7.3449401523395075
0.05,糖 11号 (ICE),2022-11-08,2022-12-13,5,19.64,20.09,2.29,-1.83,124814,12.2,206793,1023397,增仓,-1.7919362867098054,7.41662518666002,5.326032852165263
0.05,糖 11号 (ICE),2024-06-11,2024-07-09,4,19.35,19.2,4.96,-1.86,73542,7.7,61674,954635,增仓,-3.4375000000000044,-1.5625,19.843750000000004
0.05,糖 11号 (ICE),2024-07-16,2024-08-20,5,18.67,18.4,0.0,-3.05,-67187,7.11,-9275,944429,减仓,23.09782608695652,20.32608695652176,17.500000000000004
0.05,糖 11号 (ICE),2024-10-01,2024-10-29,4,23.01,22.05,0.0,-4.17,-56012,5.64,82281,993072,减仓,-4.35374149659864,-12.199546485260782,-13.514739229024942
0.05,糖 11号 (ICE),2025-06-17,2025-09-09,12,16.06,15.81,4.55,-2.99,-85509,8.37,-139553,1021736,减仓,1.834282099936746,-10.626185958254265,-4.4908285895003175
0.05,糖 11号 (ICE),2025-11-25,2025-12-30,5,15.21,14.6,0.0,-4.01,57614,5.22,-121178,1102714,增仓,-2.328767123287667,-4.657534246575345,7.8767123287671215
0.05,糖 11号 (ICE),2026-01-27,2026-02-24,4,14.26,13.92,0.28,-2.73,-92535,7.51,-232358,1232396,减仓,13.146551724137922,0.0,5.459770114942519
0.05,糖 11号 (ICE),2026-05-26,2026-06-23,4,14.07,14.0,0.36,-3.27,-82448,7.0,-137708,1177123,减仓,5.428571428571427,25.714285714285733,
0.05,咖啡 C (ICE),2011-02-15,2011-03-29,6,273.0,259.9,1.83,-4.8,-14660,7.98,24718,183816,减仓,14.90958060792613,1.4621008080030862,-3.6167756829549758
0.05,咖啡 C (ICE),2011-05-10,2011-06-07,4,269.4,268.35,0.0,-3.8,-16626,9.52,11237,174629,减仓,-1.7514440096888517,-11.626607043040815,7.341158934227687
0.05,咖啡 C (ICE),2011-06-14,2011-07-19,5,252.5,241.5,4.42,-4.36,-12537,7.81,-52,160576,减仓,11.739130434782608,7.826086956521738,-0.8074534161490621
0.05,咖啡 C (ICE),2011-10-11,2011-12-06,8,239.55,227.75,2.21,-4.93,12250,7.37,10957,166146,增仓,-3.556531284302966,-5.181119648737653,-11.394072447859493
0.05,咖啡 C (ICE),2011-12-20,2012-01-17,4,219.65,225.25,2.55,0.0,8464,5.67,8561,149174,增仓,-10.166481687014429,-19.045504994450614,-20.000000000000007
0.05,咖啡 C (ICE),2012-08-07,2012-09-04,4,169.35,164.35,0.0,-4.19,-18268,9.21,-18414,198446,减仓,2.2817158503194435,-5.871615454822033,-8.366291451171282
0.05,咖啡 C (ICE),2012-10-09,2012-11-06,4,161.7,155.55,0.0,-4.33,-18113,8.46,-21918,214190,减仓,-1.0928961748634003,0.06428801028608433,-9.868209578913545
0.05,咖啡 C (ICE),2012-11-27,2013-01-22,6,150.6,155.65,3.35,-4.95,13698,6.71,-8212,204165,增仓,-9.92611628654032,-12.560231288146484,-8.352071956312235
0.05,咖啡 C (ICE),2013-02-19,2013-05-14,12,140.2,137.05,2.85,-4.46,27834,12.95,1577,214860,增仓,-9.668004377964257,-13.09740970448743,-8.719445457862108
0.05,咖啡 C (ICE),2013-06-18,2013-07-30,6,119.45,118.2,2.76,-1.05,15248,7.8,-9426,195573,增仓,-1.522842639593902,-3.934010152284273,-7.698815566835881
0.05,咖啡 C (ICE),2013-11-05,2013-12-03,4,106.8,106.8,3.79,0.0,12488,6.65,-14108,187839,增仓,9.035580524344567,17.5561797752809,68.82022471910115
0.05,咖啡 C (ICE),2013-12-10,2014-01-14,5,115.45,117.25,4.29,-0.26,20090,11.29,4843,177987,增仓,21.364605543710024,69.21108742004265,73.60341151385927
0.05,咖啡 C (ICE),2015-06-30,2015-07-28,4,127.4,125.25,0.86,-4.04,-14299,6.78,-19791,210911,减仓,-0.9580838323353325,-2.035928143712573,-5.429141716566866
0.05,咖啡 C (ICE),2015-08-25,2015-09-22,4,124.05,122.7,0.0,-4.59,-13225,6.24,-24643,211854,减仓,-3.4637326813365954,1.3854930725346382,-3.0154849225753844
0.05,咖啡 C (ICE),2015-11-17,2016-01-05,7,124.4,119.0,2.05,-4.34,21676,10.72,-5076,202129,增仓,1.17647058823529,1.722689075630246,6.932773109243695
0.05,咖啡 C (ICE),2016-01-19,2016-02-23,5,114.9,115.2,4.79,0.0,15171,6.54,-7490,231957,增仓,10.720486111111116,7.074652777777768,8.246527777777768
0.05,咖啡 C (ICE),2016-03-22,2016-05-03,6,127.55,124.5,0.0,-4.74,-31246,13.08,-2553,238848,减仓,-2.5702811244979973,17.59036144578314,17.429718875501997
0.05,咖啡 C (ICE),2016-06-14,2016-07-19,5,142.85,141.9,3.29,-3.99,17316,7.62,43574,227334,增仓,-0.21141649048627142,4.580690627202255,9.513742071881603
0.05,咖啡 C (ICE),2016-08-23,2016-09-20,4,144.85,151.75,4.76,0.0,12219,5.85,49827,208781,增仓,2.8665568369028005,6.820428336079076,-6.128500823723238
0.05,咖啡 C (ICE),2016-12-06,2017-01-03,4,139.35,136.15,2.22,-2.3,-19006,8.54,13896,222580,减仓,7.418288652221805,5.251560778553066,2.313624678663251
0.05,咖啡 C (ICE),2017-01-10,2017-02-21,6,149.3,149.55,2.08,-2.04,10699,5.08,31011,210782,增仓,-7.990638582413922,-11.133400200601805,-11.668338348378482
0.05,咖啡 C (ICE),2017-02-28,2017-04-04,5,143.3,140.05,0.0,-3.98,-15611,7.17,11989,217752,减仓,-3.1060335594430666,-6.319171724384165,-10.246340592645486
0.05,咖啡 C (ICE),2017-04-18,2017-06-06,7,132.9,128.85,2.11,-3.05,-38534,15.45,-18603,249415,减仓,3.7640667442762954,11.64144353899883,0.15521924718666646
0.05,咖啡 C (ICE),2017-09-26,2017-11-07,6,128.05,130.9,2.23,-3.2,-32159,12.33,-40610,260772,减仓,-6.340718105423992,-8.021390374331549,-8.021390374331549
0.05,咖啡 C (ICE),2017-12-05,2018-01-23,7,122.6,125.3,2.2,-1.79,-19012,7.47,-47360,254458,减仓,-3.870710295291302,-6.464485235434947,-6.065442936951316
0.05,咖啡 C (ICE),2018-02-13,2018-04-17,9,120.45,117.7,1.45,-2.7,-25009,8.56,-61659,292013,减仓,0.2548853016142605,-0.12744265080714134,-6.627017841971106
0.05,咖啡 C (ICE),2018-06-05,2018-07-03,4,117.25,114.1,0.26,-2.69,-40744,12.56,-70501,324359,减仓,-5.5652936021034165,-10.780017528483787,-10.21034180543382
0.05,咖啡 C (ICE),2018-07-10,2018-08-21,6,109.9,104.7,0.68,-4.73,-27616,7.36,-99208,375025,减仓,-4.775549188156636,16.61891117478509,11.079274116523386
0.05,咖啡 C (ICE),2018-10-09,2018-11-20,6,116.55,110.95,4.76,-4.8,50349,14.81,-25889,340058,增仓,-10.139702568724651,-6.534474988733663,-9.59891843172601
0.05,咖啡 C (ICE),2018-12-04,2019-02-26,10,104.0,100.3,1.35,-4.13,-27747,8.18,-64283,339161,减仓,-5.7826520438683975,-6.281156530408771,-7.07876370887337
0.05,咖啡 C (ICE),2019-04-16,2019-05-28,6,93.0,93.2,1.08,-4.57,20746,5.15,-49447,402808,增仓,17.757510729613735,7.0278969957081605,2.092274678111594
0.05,咖啡 C (ICE),2019-07-23,2019-09-03,6,99.75,96.55,1.05,-4.61,-35333,10.89,-41631,324502,减仓,2.071465561885044,7.716209218021763,23.355774210253742
0.05,咖啡 C (ICE),2020-09-29,2020-11-10,6,109.4,112.15,2.51,-4.57,-31821,9.49,15844,335212,减仓,7.80205082478822,13.909942041908163,9.228711547035218
0.05,咖啡 C (ICE),2022-03-01,2022-03-29,4,224.2,228.4,1.87,-1.85,-30461,10.66,30991,285685,减仓,-2.7583187390542996,0.04378283712784814,-0.8318739054290702
0.05,咖啡 C (ICE),2023-04-04,2023-05-02,4,184.25,187.95,4.72,0.0,21922,9.38,32407,233736,增仓,-3.7776004256451112,-15.403032721468469,-14.126097366320822
0.05,咖啡 C (ICE),2023-06-27,2023-08-08,5,159.0,157.15,1.51,-1.16,-13167,5.96,-7442,220747,减仓,-3.468024180719065,-7.349665924276172,8.749602290804969
0.05,咖啡 C (ICE),2023-08-22,2023-09-19,4,151.95,150.2,4.8,-1.15,18484,8.39,-7552,220312,增仓,10.286284953395475,11.185086551264977,26.498002663115862
0.05,咖啡 C (ICE),2023-10-17,2023-11-21,5,165.65,167.6,3.17,-3.14,36164,15.42,29531,234523,增仓,15.87112171837708,7.4284009546539576,11.097852028639622
0.05,咖啡 C (ICE),2025-08-26,2025-10-21,8,384.0,400.05,4.18,-4.87,17565,7.93,51749,221495,增仓,-5.274340707411584,-12.910886139232602,-11.236095488063992
0.08,可可 (ICE),2012-06-05,2012-07-10,5,2205.0,2216.0,3.9,-4.22,24060,12.71,12405,189285,增仓,10.920577617328519,17.824909747292427,7.490974729241873
0.08,可可 (ICE),2012-12-18,2013-01-29,4,2312.0,2199.0,0.0,-4.89,-24817,11.12,18368,223138,减仓,-5.457025920873127,-1.4552069122328315,7.639836289222379
0.08,可可 (ICE),2013-04-16,2013-05-14,4,2340.0,2308.0,3.08,-1.5,23878,10.28,52234,232328,增仓,-2.512998266897748,-3.119584055459268,7.01906412478337
0.08,可可 (ICE),2013-06-11,2013-07-09,4,2250.0,2236.0,0.0,-4.18,-24003,11.68,27911,205487,减仓,10.465116279069765,8.407871198568873,17.397137745974955
0.08,可可 (ICE),2013-08-13,2013-09-17,5,2489.0,2608.0,4.78,-2.61,17465,8.03,69022,217549,增仓,4.064417177914104,4.524539877300615,6.556748466257667
0.08,可可 (ICE),2014-02-18,2014-05-13,12,2962.0,2915.0,1.76,-3.38,-33074,13.99,52471,236360,减仓,6.5180102915952,6.003430531732423,10.737564322469972
0.08,可可 (ICE),2014-05-20,2014-06-17,4,3023.0,3103.0,2.71,0.0,21376,8.64,74254,247430,增仓,-0.6767644215275537,4.318401546890116,-1.6113438607798902
0.08,可可 (ICE),2014-08-19,2014-10-21,9,3192.0,3047.0,3.85,-4.54,-22580,9.04,56025,249899,减仓,-7.6140466032162735,-2.3629799803084994,-3.085001640958318
0.08,可可 (ICE),2014-12-09,2015-01-20,6,2865.0,2953.0,3.84,0.0,23944,10.35,64780,231415,增仓,-0.8465966813410053,-6.400270910938033,-3.6572976633931553
0.08,可可 (ICE),2015-03-10,2015-04-07,4,2816.0,2784.0,0.0,-2.7,-35349,14.49,27636,243969,减仓,5.962643678160928,11.458333333333325,17.45689655172413
0.08,可可 (ICE),2015-07-21,2015-08-25,5,3194.0,3073.0,0.28,-4.16,-31054,12.65,38413,245569,减仓,6.280507647250233,2.017572404816148,9.892613081679148
0.08,可可 (ICE),2015-10-27,2015-12-08,6,3259.0,3357.0,4.14,-1.14,30828,10.73,70034,287353,增仓,-10.694072088173968,-16.68156091748585,-10.7536490914507
0.08,可可 (ICE),2016-05-10,2016-06-07,4,2973.0,3097.0,4.17,-1.75,-27792,10.01,27228,277613,减仓,-3.454956409428478,-2.9706167258637395,-6.490151759767516
0.08,可可 (ICE),2016-08-02,2016-08-30,4,3005.0,2896.0,2.83,-3.63,23635,9.5,42475,248703,增仓,-4.005524861878451,-4.868784530386739,-16.540055248618778
0.08,可可 (ICE),2017-09-12,2017-10-10,4,2009.0,2087.0,3.88,-1.29,24221,8.44,-11846,287037,增仓,6.037374221370384,-8.385241974125535,-13.176808816482987
0.08,可可 (ICE),2017-10-17,2017-11-14,4,2138.0,2120.0,3.51,-4.07,27853,9.66,19134,288470,增仓,-10.377358490566035,-9.339622641509438,-2.688679245283021
0.08,可可 (ICE),2019-02-05,2019-03-26,7,2231.0,2286.0,4.84,-3.23,-40115,14.41,-31483,278314,减仓,2.012248468941391,7.655293088363946,9.40507436570428
0.08,可可 (ICE),2019-04-02,2019-06-25,12,2413.0,2435.0,3.65,-4.43,68392,23.97,47727,285381,增仓,-1.8069815195071892,-8.501026694045176,1.642710472279263
0.08,可可 (ICE),2019-08-06,2019-09-03,4,2257.0,2215.0,0.0,-2.7,-49798,16.8,-21439,296437,减仓,11.873589164785558,11.01580135440181,15.30474040632055
0.08,可可 (ICE),2019-09-17,2019-11-05,7,2475.0,2492.0,1.66,-1.29,46102,13.71,37822,336217,增仓,4.97592295345104,1.1235955056179803,10.95505617977528
0.08,可可 (ICE),2020-01-14,2020-02-11,4,2799.0,2879.0,3.57,-1.21,33640,8.83,81269,380857,增仓,-15.838832928100032,-19.868009725599165,-16.81139284473776
0.08,可可 (ICE),2020-06-16,2020-07-21,5,2246.0,2216.0,1.2,-3.65,-20923,8.54,-17767,244956,减仓,9.025270758122739,20.397111913357403,6.453068592057765
0.08,可可 (ICE),2021-03-16,2021-05-04,7,2479.0,2469.0,0.0,-3.99,-37432,17.19,12956,217726,减仓,-2.3896314297286336,-6.034831915755367,-4.455245038477118
0.08,可可 (ICE),2021-06-01,2021-07-20,7,2410.0,2320.0,0.0,-4.15,-31006,12.12,-10461,255723,减仓,10.301724137931046,14.655172413793105,12.456896551724128
0.08,可可 (ICE),2022-02-15,2022-04-26,10,2638.0,2571.0,1.78,-3.87,-25543,8.63,18081,296133,减仓,-4.122909373784522,-5.017502917152861,-10.929599377674059
0.08,可可 (ICE),2022-05-03,2022-06-14,6,2472.0,2442.0,0.0,-2.47,-43245,13.0,-11479,332753,减仓,-4.668304668304668,-2.047502047502048,-1.4332514332514368
0.08,可可 (ICE),2022-11-01,2022-12-13,6,2428.0,2470.0,4.53,0.0,38825,11.8,10490,329121,增仓,7.489878542510131,6.153846153846154,9.23076923076922
0.08,可可 (ICE),2023-01-17,2023-02-28,6,2655.0,2760.0,4.63,-3.54,33672,9.26,47141,363659,增仓,6.195652173913047,6.376811594202891,8.695652173913038
0.08,糖 11号 (ICE),2012-10-09,2012-11-27,7,20.05,19.34,1.15,-4.94,-72932,8.77,29119,831198,减仓,-0.7755946225439403,-6.049638055842799,-3.3609100310237783
0.08,糖 11号 (ICE),2013-01-15,2013-04-09,12,18.46,18.06,1.9,-4.55,-76578,8.16,-37034,938208,减仓,-3.70985603543742,-9.02547065337762,-10.077519379844968
0.08,糖 11号 (ICE),2013-07-23,2013-09-24,9,16.47,16.81,4.25,-0.85,119284,11.73,113710,1017323,增仓,13.325401546698412,3.985722784057111,-2.320047590719787
0.08,糖 11号 (ICE),2013-12-03,2013-12-31,4,16.58,16.08,0.0,-3.02,-82559,8.25,24623,1001146,减仓,-2.985074626865658,9.825870646766187,11.815920398009961
0.08,糖 11号 (ICE),2014-02-25,2014-04-08,6,17.66,16.8,1.98,-4.87,95293,9.74,166453,978869,增仓,2.3809523809523725,0.7142857142857117,6.0119047619047405
0.08,糖 11号 (ICE),2014-05-20,2014-07-22,9,17.37,17.14,3.17,-2.99,-117651,11.91,72758,987433,减仓,-8.751458576429405,-21.236872812135353,-3.033838973162195
0.08,糖 11号 (ICE),2014-12-23,2015-01-27,5,14.7,14.79,4.29,-3.61,91586,9.2,70147,995409,增仓,-6.896551724137934,-17.98512508451655,-10.547667342799183
0.08,糖 11号 (ICE),2015-04-07,2015-05-12,5,12.83,12.89,4.6,0.0,113991,11.0,75423,1036043,增仓,-9.076803723816907,-3.723816912335143,-17.30023273855702
0.08,糖 11号 (ICE),2018-11-06,2019-01-08,7,12.73,12.76,1.1,-3.06,-123241,12.38,-44394,995246,减仓,-0.39184952978055243,-4.545454545454541,0.0
0.08,糖 11号 (ICE),2019-03-12,2019-04-23,6,12.52,12.26,2.0,-2.08,86826,8.4,5144,1033039,增仓,-4.893964110929849,-0.2446982055464897,-5.464926590538333
0.08,糖 11号 (ICE),2019-04-30,2019-05-28,4,12.01,12.1,0.75,-3.83,-123179,11.08,-145405,1112147,减仓,4.297520661157028,-0.6611570247933907,-5.2066115702479205
0.08,糖 11号 (ICE),2019-06-04,2019-07-09,5,12.5,12.3,2.0,-2.16,117659,11.11,-8843,1059001,增仓,-3.577235772357734,-10.406504065040656,3.7398373983739797
0.08,糖 11号 (ICE),2019-07-16,2019-09-03,7,11.59,11.02,3.71,-4.92,-112909,9.89,-156591,1141693,减仓,15.789473684210531,13.248638838475513,17.422867513611617
0.08,糖 11号 (ICE),2019-10-22,2019-11-19,4,12.35,12.83,3.89,0.0,98778,9.0,-104865,1097169,增仓,5.533904910366316,12.626656274356973,17.381137957911143
0.08,糖 11号 (ICE),2019-11-26,2019-12-24,4,12.94,13.54,4.64,0.0,144362,12.36,56895,1167690,增仓,6.27769571639587,15.140324963072382,-19.42392909896602
0.08,糖 11号 (ICE),2020-07-28,2020-08-25,4,12.64,12.6,3.64,-0.32,97509,8.24,236597,1182866,增仓,3.1746031746031855,16.825396825396833,20.71428571428573
0.08,糖 11号 (ICE),2021-04-13,2021-05-11,4,16.72,16.96,4.61,0.0,102283,8.55,301721,1196902,增仓,3.4198113207547065,1.8867924528301883,10.14150943396226
0.08,糖 11号 (ICE),2021-08-17,2021-10-26,10,19.58,19.27,3.63,-4.03,-114258,9.91,187631,1153172,减仓,0.4151530877011034,-0.15568240788791377,-1.9200830306175476
0.08,糖 11号 (ICE),2021-12-28,2022-02-15,7,18.88,18.2,0.11,-4.4,-103273,10.01,77060,1031564,减仓,4.010989010989019,10.219780219780228,5.329670329670333
0.08,糖 11号 (ICE),2022-03-01,2022-03-29,4,19.35,19.37,1.34,-2.17,78927,8.21,166573,961290,增仓,-1.135776974703162,1.23902942694889,-5.162622612287038
0.08,糖 11号 (ICE),2022-04-19,2022-06-14,8,19.24,18.6,3.69,-3.33,-90819,9.21,164185,986119,减仓,3.4946236559139754,0.0,-2.04301075268819
0.08,糖 11号 (ICE),2022-06-21,2022-08-09,7,18.37,18.6,4.79,-4.52,-163388,18.49,-9197,883695,减仓,-2.04301075268819,0.4301075268817067,0.5913978494623606
0.08,糖 11号 (ICE),2022-09-20,2022-10-18,4,18.28,18.38,3.06,-3.45,98725,11.74,118046,840942,增仓,9.08596300326443,9.30359085963004,7.3449401523395075
0.08,糖 11号 (ICE),2022-11-08,2022-12-13,5,19.64,20.09,2.29,-1.83,124814,12.2,206793,1023397,增仓,-1.7919362867098054,7.41662518666002,5.326032852165263
0.08,糖 11号 (ICE),2025-06-17,2025-09-09,12,16.06,15.81,4.55,-2.99,-85509,8.37,-139553,1021736,减仓,1.834282099936746,-10.626185958254265,-4.4908285895003175
0.08,咖啡 C (ICE),2011-05-10,2011-06-07,4,269.4,268.35,0.0,-3.8,-16626,9.52,11237,174629,减仓,-1.7514440096888517,-11.626607043040815,7.341158934227687
0.08,咖啡 C (ICE),2012-08-07,2012-09-04,4,169.35,164.35,0.0,-4.19,-18268,9.21,-18414,198446,减仓,2.2817158503194435,-5.871615454822033,-8.366291451171282
0.08,咖啡 C (ICE),2012-10-09,2012-11-06,4,161.7,155.55,0.0,-4.33,-18113,8.46,-21918,214190,减仓,-1.0928961748634003,0.06428801028608433,-9.868209578913545
0.08,咖啡 C (ICE),2013-02-19,2013-05-14,12,140.2,137.05,2.85,-4.46,27834,12.95,1577,214860,增仓,-9.668004377964257,-13.09740970448743,-8.719445457862108
0.08,咖啡 C (ICE),2013-12-10,2014-01-14,5,115.45,117.25,4.29,-0.26,20090,11.29,4843,177987,增仓,21.364605543710024,69.21108742004265,73.60341151385927
0.08,咖啡 C (ICE),2015-11-17,2016-01-05,7,124.4,119.0,2.05,-4.34,21676,10.72,-5076,202129,增仓,1.17647058823529,1.722689075630246,6.932773109243695
0.08,咖啡 C (ICE),2016-03-22,2016-05-03,6,127.55,124.5,0.0,-4.74,-31246,13.08,-2553,238848,减仓,-2.5702811244979973,17.59036144578314,17.429718875501997
0.08,咖啡 C (ICE),2016-12-06,2017-01-03,4,139.35,136.15,2.22,-2.3,-19006,8.54,13896,222580,减仓,7.418288652221805,5.251560778553066,2.313624678663251
0.08,咖啡 C (ICE),2017-04-18,2017-06-06,7,132.9,128.85,2.11,-3.05,-38534,15.45,-18603,249415,减仓,3.7640667442762954,11.64144353899883,0.15521924718666646
0.08,咖啡 C (ICE),2017-09-26,2017-11-07,6,128.05,130.9,2.23,-3.2,-32159,12.33,-40610,260772,减仓,-6.340718105423992,-8.021390374331549,-8.021390374331549
0.08,咖啡 C (ICE),2018-02-13,2018-04-17,9,120.45,117.7,1.45,-2.7,-25009,8.56,-61659,292013,减仓,0.2548853016142605,-0.12744265080714134,-6.627017841971106
0.08,咖啡 C (ICE),2018-06-05,2018-07-03,4,117.25,114.1,0.26,-2.69,-40744,12.56,-70501,324359,减仓,-5.5652936021034165,-10.780017528483787,-10.21034180543382
0.08,咖啡 C (ICE),2018-10-09,2018-11-20,6,116.55,110.95,4.76,-4.8,50349,14.81,-25889,340058,增仓,-10.139702568724651,-6.534474988733663,-9.59891843172601
0.08,咖啡 C (ICE),2018-12-04,2019-02-26,10,104.0,100.3,1.35,-4.13,-27747,8.18,-64283,339161,减仓,-5.7826520438683975,-6.281156530408771,-7.07876370887337
0.08,咖啡 C (ICE),2019-07-23,2019-09-03,6,99.75,96.55,1.05,-4.61,-35333,10.89,-41631,324502,减仓,2.071465561885044,7.716209218021763,23.355774210253742
0.08,咖啡 C (ICE),2020-09-29,2020-11-10,6,109.4,112.15,2.51,-4.57,-31821,9.49,15844,335212,减仓,7.80205082478822,13.909942041908163,9.228711547035218
0.08,咖啡 C (ICE),2022-03-01,2022-03-29,4,224.2,228.4,1.87,-1.85,-30461,10.66,30991,285685,减仓,-2.7583187390542996,0.04378283712784814,-0.8318739054290702
0.08,咖啡 C (ICE),2023-04-04,2023-05-02,4,184.25,187.95,4.72,0.0,21922,9.38,32407,233736,增仓,-3.7776004256451112,-15.403032721468469,-14.126097366320822
0.08,咖啡 C (ICE),2023-08-22,2023-09-19,4,151.95,150.2,4.8,-1.15,18484,8.39,-7552,220312,增仓,10.286284953395475,11.185086551264977,26.498002663115862
0.08,咖啡 C (ICE),2023-10-17,2023-11-21,5,165.65,167.6,3.17,-3.14,36164,15.42,29531,234523,增仓,15.87112171837708,7.4284009546539576,11.097852028639622
0.1,可可 (ICE),2012-06-05,2012-07-10,5,2205.0,2216.0,3.9,-4.22,24060,12.71,12405,189285,增仓,10.920577617328519,17.824909747292427,7.490974729241873
0.1,可可 (ICE),2012-12-18,2013-01-29,4,2312.0,2199.0,0.0,-4.89,-24817,11.12,18368,223138,减仓,-5.457025920873127,-1.4552069122328315,7.639836289222379
0.1,可可 (ICE),2013-04-16,2013-05-14,4,2340.0,2308.0,3.08,-1.5,23878,10.28,52234,232328,增仓,-2.512998266897748,-3.119584055459268,7.01906412478337
0.1,可可 (ICE),2013-06-11,2013-07-09,4,2250.0,2236.0,0.0,-4.18,-24003,11.68,27911,205487,减仓,10.465116279069765,8.407871198568873,17.397137745974955
0.1,可可 (ICE),2014-02-18,2014-05-13,12,2962.0,2915.0,1.76,-3.38,-33074,13.99,52471,236360,减仓,6.5180102915952,6.003430531732423,10.737564322469972
0.1,可可 (ICE),2014-12-09,2015-01-20,6,2865.0,2953.0,3.84,0.0,23944,10.35,64780,231415,增仓,-0.8465966813410053,-6.400270910938033,-3.6572976633931553
0.1,可可 (ICE),2015-03-10,2015-04-07,4,2816.0,2784.0,0.0,-2.7,-35349,14.49,27636,243969,减仓,5.962643678160928,11.458333333333325,17.45689655172413
0.1,可可 (ICE),2015-07-21,2015-08-25,5,3194.0,3073.0,0.28,-4.16,-31054,12.65,38413,245569,减仓,6.280507647250233,2.017572404816148,9.892613081679148
0.1,可可 (ICE),2015-10-27,2015-12-08,6,3259.0,3357.0,4.14,-1.14,30828,10.73,70034,287353,增仓,-10.694072088173968,-16.68156091748585,-10.7536490914507
0.1,可可 (ICE),2016-05-10,2016-06-07,4,2973.0,3097.0,4.17,-1.75,-27792,10.01,27228,277613,减仓,-3.454956409428478,-2.9706167258637395,-6.490151759767516
0.1,可可 (ICE),2019-02-05,2019-03-26,7,2231.0,2286.0,4.84,-3.23,-40115,14.41,-31483,278314,减仓,2.012248468941391,7.655293088363946,9.40507436570428
0.1,可可 (ICE),2019-04-02,2019-06-25,12,2413.0,2435.0,3.65,-4.43,68392,23.97,47727,285381,增仓,-1.8069815195071892,-8.501026694045176,1.642710472279263
0.1,可可 (ICE),2019-08-06,2019-09-03,4,2257.0,2215.0,0.0,-2.7,-49798,16.8,-21439,296437,减仓,11.873589164785558,11.01580135440181,15.30474040632055
0.1,可可 (ICE),2019-09-17,2019-11-05,7,2475.0,2492.0,1.66,-1.29,46102,13.71,37822,336217,增仓,4.97592295345104,1.1235955056179803,10.95505617977528
0.1,可可 (ICE),2021-03-16,2021-05-04,7,2479.0,2469.0,0.0,-3.99,-37432,17.19,12956,217726,减仓,-2.3896314297286336,-6.034831915755367,-4.455245038477118
0.1,可可 (ICE),2021-06-01,2021-07-20,7,2410.0,2320.0,0.0,-4.15,-31006,12.12,-10461,255723,减仓,10.301724137931046,14.655172413793105,12.456896551724128
0.1,可可 (ICE),2022-05-03,2022-06-14,6,2472.0,2442.0,0.0,-2.47,-43245,13.0,-11479,332753,减仓,-4.668304668304668,-2.047502047502048,-1.4332514332514368
0.1,可可 (ICE),2022-11-01,2022-12-13,6,2428.0,2470.0,4.53,0.0,38825,11.8,10490,329121,增仓,7.489878542510131,6.153846153846154,9.23076923076922
0.1,糖 11号 (ICE),2013-07-23,2013-09-24,9,16.47,16.81,4.25,-0.85,119284,11.73,113710,1017323,增仓,13.325401546698412,3.985722784057111,-2.320047590719787
0.1,糖 11号 (ICE),2014-05-20,2014-07-22,9,17.37,17.14,3.17,-2.99,-117651,11.91,72758,987433,减仓,-8.751458576429405,-21.236872812135353,-3.033838973162195
0.1,糖 11号 (ICE),2015-04-07,2015-05-12,5,12.83,12.89,4.6,0.0,113991,11.0,75423,1036043,增仓,-9.076803723816907,-3.723816912335143,-17.30023273855702
0.1,糖 11号 (ICE),2018-11-06,2019-01-08,7,12.73,12.76,1.1,-3.06,-123241,12.38,-44394,995246,减仓,-0.39184952978055243,-4.545454545454541,0.0
0.1,糖 11号 (ICE),2019-04-30,2019-05-28,4,12.01,12.1,0.75,-3.83,-123179,11.08,-145405,1112147,减仓,4.297520661157028,-0.6611570247933907,-5.2066115702479205
0.1,糖 11号 (ICE),2019-06-04,2019-07-09,5,12.5,12.3,2.0,-2.16,117659,11.11,-8843,1059001,增仓,-3.577235772357734,-10.406504065040656,3.7398373983739797
0.1,糖 11号 (ICE),2019-11-26,2019-12-24,4,12.94,13.54,4.64,0.0,144362,12.36,56895,1167690,增仓,6.27769571639587,15.140324963072382,-19.42392909896602
0.1,糖 11号 (ICE),2021-12-28,2022-02-15,7,18.88,18.2,0.11,-4.4,-103273,10.01,77060,1031564,减仓,4.010989010989019,10.219780219780228,5.329670329670333
0.1,糖 11号 (ICE),2022-06-21,2022-08-09,7,18.37,18.6,4.79,-4.52,-163388,18.49,-9197,883695,减仓,-2.04301075268819,0.4301075268817067,0.5913978494623606
0.1,糖 11号 (ICE),2022-09-20,2022-10-18,4,18.28,18.38,3.06,-3.45,98725,11.74,118046,840942,增仓,9.08596300326443,9.30359085963004,7.3449401523395075
0.1,糖 11号 (ICE),2022-11-08,2022-12-13,5,19.64,20.09,2.29,-1.83,124814,12.2,206793,1023397,增仓,-1.7919362867098054,7.41662518666002,5.326032852165263
0.1,咖啡 C (ICE),2013-02-19,2013-05-14,12,140.2,137.05,2.85,-4.46,27834,12.95,1577,214860,增仓,-9.668004377964257,-13.09740970448743,-8.719445457862108
0.1,咖啡 C (ICE),2013-12-10,2014-01-14,5,115.45,117.25,4.29,-0.26,20090,11.29,4843,177987,增仓,21.364605543710024,69.21108742004265,73.60341151385927
0.1,咖啡 C (ICE),2015-11-17,2016-01-05,7,124.4,119.0,2.05,-4.34,21676,10.72,-5076,202129,增仓,1.17647058823529,1.722689075630246,6.932773109243695
0.1,咖啡 C (ICE),2016-03-22,2016-05-03,6,127.55,124.5,0.0,-4.74,-31246,13.08,-2553,238848,减仓,-2.5702811244979973,17.59036144578314,17.429718875501997
0.1,咖啡 C (ICE),2017-04-18,2017-06-06,7,132.9,128.85,2.11,-3.05,-38534,15.45,-18603,249415,减仓,3.7640667442762954,11.64144353899883,0.15521924718666646
0.1,咖啡 C (ICE),2017-09-26,2017-11-07,6,128.05,130.9,2.23,-3.2,-32159,12.33,-40610,260772,减仓,-6.340718105423992,-8.021390374331549,-8.021390374331549
0.1,咖啡 C (ICE),2018-06-05,2018-07-03,4,117.25,114.1,0.26,-2.69,-40744,12.56,-70501,324359,减仓,-5.5652936021034165,-10.780017528483787,-10.21034180543382
0.1,咖啡 C (ICE),2018-10-09,2018-11-20,6,116.55,110.95,4.76,-4.8,50349,14.81,-25889,340058,增仓,-10.139702568724651,-6.534474988733663,-9.59891843172601
0.1,咖啡 C (ICE),2019-07-23,2019-09-03,6,99.75,96.55,1.05,-4.61,-35333,10.89,-41631,324502,减仓,2.071465561885044,7.716209218021763,23.355774210253742
0.1,咖啡 C (ICE),2022-03-01,2022-03-29,4,224.2,228.4,1.87,-1.85,-30461,10.66,30991,285685,减仓,-2.7583187390542996,0.04378283712784814,-0.8318739054290702
0.1,咖啡 C (ICE),2023-10-17,2023-11-21,5,165.65,167.6,3.17,-3.14,36164,15.42,29531,234523,增仓,15.87112171837708,7.4284009546539576,11.097852028639622
