Year,Month,Cotlook_A_Index_USD_per_kg
1960,1,0.6486
1960,2,0.6453
1960,3,0.6464
1960,4,0.6435
1960,5,0.6468
1960,6,0.6559
1960,7,0.6572
1960,8,0.6534
1960,9,0.6618
1960,10,0.6656
1960,11,0.6651
1960,12,0.6649
1961,1,0.6636
1961,2,0.6784
1961,3,0.6748
1961,4,0.6726
1961,5,0.6781
1961,6,0.6764
1961,7,0.6757
1961,8,0.6717
1961,9,0.6737
1961,10,0.6764
1961,11,0.6643
1961,12,0.6605
1962,1,0.6598
1962,2,0.6631
1962,3,0.6634
1962,4,0.6598
1962,5,0.6598
1962,6,0.6572
1962,7,0.649
1962,8,0.6387
1962,9,0.627
1962,10,0.6266
1962,11,0.6345
1962,12,0.653
1963,1,0.6581
1963,2,0.6546
1963,3,0.6495
1963,4,0.6422
1963,5,0.6391
1963,6,0.6389
1963,7,0.6385
1963,8,0.6433
1963,9,0.6499
1963,10,0.6453
1963,11,0.6435
1963,12,0.6442
1964,1,0.6559
1964,2,0.6556
1964,3,0.6548
1964,4,0.6521
1964,5,0.6559
1964,6,0.6594
1964,7,0.6488
1964,8,0.6437
1964,9,0.6482
1964,10,0.646
1964,11,0.6413
1964,12,0.6426
1965,1,0.6424
1965,2,0.6737
1965,3,0.6464
1965,4,0.6493
1965,5,0.6504
1965,6,0.629
1965,7,0.6349
1965,8,0.6312
1965,9,0.631
1965,10,0.6245
1965,11,0.6228
1965,12,0.6195
1966,1,0.6195
1966,2,0.6195
1966,3,0.639
1966,4,0.6184
1966,5,0.6228
1966,6,0.6182
1966,7,0.6151
1966,8,0.6195
1966,9,0.6072
1966,10,0.6316
1966,11,0.6314
1966,12,0.6314
1967,1,0.6449
1967,2,0.6596
1967,3,0.6636
1967,4,0.6614
1967,5,0.6614
1967,6,0.6667
1967,7,0.668
1967,8,0.6775
1967,9,0.6909
1967,10,0.7024
1967,11,0.7055
1967,12,0.7165
1968,1,0.7165
1968,2,0.7128
1968,3,0.7099
1968,4,0.711
1968,5,0.7097
1968,6,0.7
1968,7,0.6918
1968,8,0.6837
1968,9,0.6634
1968,10,0.6563
1968,11,0.6345
1968,12,0.6246
1969,1,0.625
1969,2,0.6283
1969,3,0.6283
1969,4,0.6272
1969,5,0.6327
1969,6,0.6248
1969,7,0.6138
1969,8,0.5999
1969,9,0.6131
1969,10,0.6272
1969,11,0.6477
1969,12,0.6559
1970,1,0.6448
1970,2,0.6516
1970,3,0.657
1970,4,0.6618
1970,5,0.6645
1970,6,0.666
1970,7,0.6721
1970,8,0.6826
1970,9,0.6918
1970,10,0.6977
1970,11,0.709
1970,12,0.7165
1971,1,0.7275
1971,2,0.7403
1971,3,0.7275
1971,4,0.7255
1971,5,0.7535
1971,6,0.7923
1971,7,0.7965
1971,8,0.8289
1971,9,0.8267
1971,10,0.8185
1971,11,0.8157
1971,12,0.8455
1972,1,0.8884
1972,2,0.8964
1972,3,0.8707
1972,4,0.8651
1972,5,0.8598
1972,6,0.8313
1972,7,0.7815
1972,8,0.7415
1972,9,0.733
1972,10,0.7799
1972,11,0.8143
1972,12,0.862
1973,1,0.8858
1973,2,0.9068
1973,3,0.958
1973,4,1.0307
1973,5,1.1498
1973,6,1.2237
1973,7,1.455
1973,8,1.672
1973,9,1.9112
1973,10,1.9252
1973,11,1.7528
1973,12,1.8159
1974,1,1.9887
1974,2,1.8437
1974,3,1.6949
1974,4,1.6094
1974,5,1.4682
1974,6,1.3973
1974,7,1.3228
1974,8,1.3349
1974,9,1.3173
1974,10,1.2621
1974,11,1.1743
1974,12,1.0913
1975,1,1.0538
1975,2,1.0582
1975,3,1.0899
1975,4,1.1616
1975,5,1.2225
1975,6,1.2319
1975,7,1.2544
1975,8,1.3131
1975,9,1.327
1975,10,1.3162
1975,11,1.2998
1975,12,1.3461
1976,1,1.4744
1976,2,1.517
1976,3,1.5432
1976,4,1.5565
1976,5,1.6138
1976,6,1.8012
1976,7,2.0018
1976,8,1.9158
1976,9,1.8761
1976,10,1.9202
1976,11,1.907
1976,12,1.8431
1977,1,1.7514
1977,2,1.8629
1977,3,1.9169
1977,4,1.8905
1977,5,1.7802
1977,6,1.605
1977,7,1.5721
1977,8,1.506
1977,9,1.4286
1977,10,1.3944
1977,11,1.4138
1977,12,1.4207
1978,1,1.4606
1978,2,1.5335
1978,3,1.584
1978,4,1.5957
1978,5,1.6301
1978,6,1.6006
1978,7,1.5461
1978,8,1.5895
1978,9,1.6259
1978,10,1.67
1978,11,1.7317
1978,12,1.7123
1979,1,1.6755
1979,2,1.6737
1979,3,1.6868
1979,4,1.6424
1979,5,1.6799
1979,6,1.6976
1979,7,1.7031
1979,8,1.7119
1979,9,1.7183
1979,10,1.715
1979,11,1.765
1979,12,1.819
1980,1,1.9296
1980,2,2.0988
1980,3,2.0331
1980,4,2.0016
1980,5,1.958
1980,6,1.8909
1980,7,1.9821
1980,8,2.1219
1980,9,2.1999
1980,10,2.1702
1980,11,2.1561
1980,12,2.1999
1981,1,2.178
1981,2,2.1246
1981,3,2.0384
1981,4,1.9767
1981,5,1.9482
1981,6,1.9276
1981,7,1.888
1981,8,1.772
1981,9,1.6976
1981,10,1.6689
1981,11,1.648
1981,12,1.5847
1982,1,1.5454
1982,2,1.5421
1982,3,1.5529
1982,4,1.5767
1982,5,1.6887
1982,6,1.6675
1982,7,1.73
1982,8,1.6568
1982,9,1.6039
1982,10,1.5479
1982,11,1.5198
1982,12,1.5355
1983,1,1.5846
1983,2,1.6387
1983,3,1.7392
1983,4,1.7687
1983,5,1.807
1983,6,1.8982
1983,7,1.9497
1983,8,2.0018
1983,9,1.9809
1983,10,1.9428
1983,11,1.965
1983,12,1.9701
1984,1,1.9308
1984,2,1.9277
1984,3,1.9495
1984,4,1.9619
1984,5,1.972
1984,6,1.8455
1984,7,1.7414
1984,8,1.6649
1984,9,1.6129
1984,10,1.6233
1984,11,1.6014
1984,12,1.5869
1985,1,1.5679
1985,2,1.5141
1985,3,1.482
1985,4,1.4581
1985,5,1.4345
1985,6,1.3856
1985,7,1.3445
1985,8,1.256
1985,9,1.1778
1985,10,1.0767
1985,11,1.0585
1985,12,1.0637
1986,1,1.1424
1986,2,1.2018
1986,3,1.1541
1986,4,1.0692
1986,5,1.0013
1986,6,0.9047
1986,7,0.8254
1986,8,0.8193
1986,9,0.959
1986,10,1.1294
1986,11,1.1643
1986,12,1.3044
1987,1,1.4479
1987,2,1.4517
1987,3,1.3908
1987,4,1.4597
1987,5,1.6887
1987,6,1.7483
1987,7,1.8351
1987,8,1.9092
1987,9,1.8433
1987,10,1.6797
1987,11,1.6717
1987,12,1.6551
1988,1,1.5915
1988,2,1.4878
1988,3,1.4625
1988,4,1.4495
1988,5,1.4457
1988,6,1.5163
1988,7,1.3983
1988,8,1.2729
1988,9,1.2511
1988,10,1.2707
1988,11,1.2922
1988,12,1.3543
1989,1,1.3917
1989,2,1.3881
1989,3,1.4555
1989,4,1.6259
1989,5,1.705
1989,6,1.7377
1989,7,1.8301
1989,8,1.8292
1989,9,1.7957
1989,10,1.81
1989,11,1.8107
1989,12,1.7111
1990,1,1.6551
1990,2,1.6802
1990,3,1.7392
1990,4,1.8263
1990,5,1.8866
1990,6,1.9861
1990,7,2.0125
1990,8,1.7919
1990,9,1.7918
1990,10,1.7937
1990,11,1.8199
1990,12,1.8464
1991,1,1.8466
1991,2,1.8712
1991,3,1.857
1991,4,1.8262
1991,5,1.8153
1991,6,1.7849
1991,7,1.6992
1991,8,1.6197
1991,9,1.5487
1991,10,1.4978
1991,11,1.3991
1991,12,1.3632
1992,1,1.3144
1992,2,1.2412
1992,3,1.2197
1992,4,1.2838
1992,5,1.3357
1992,6,1.4085
1992,7,1.4394
1992,8,1.3173
1992,9,1.2489
1992,10,1.174
1992,11,1.1616
1992,12,1.1951
1993,1,1.261
1993,2,1.3324
1993,3,1.3575
1993,4,1.3459
1993,5,1.3272
1993,6,1.2993
1993,7,1.2749
1993,8,1.2236
1993,9,1.2167
1993,10,1.2081
1993,11,1.2106
1993,12,1.306
1994,1,1.5257
1994,2,1.7781
1994,3,1.8039
1994,4,1.8507
1994,5,1.8981
1994,6,1.8852
1994,7,1.8011
1994,8,1.6903
1994,9,1.6558
1994,10,1.6329
1994,11,1.7097
1994,12,1.9218
1995,1,2.108
1995,2,2.2254
1995,3,2.4362
1995,4,2.5079
1995,5,2.5335
1995,6,1.9996
1995,7,1.9258
1995,8,1.8753
1995,9,2.0102
1995,10,2.0093
1995,11,1.9663
1995,12,1.9373
1996,1,1.9003
1996,2,1.8749
1996,3,1.8345
1996,4,1.825
1996,5,1.8288
1996,6,1.8292
1996,7,1.758
1996,8,1.683
1996,9,1.6612
1996,10,1.6616
1996,11,1.677
1996,12,1.7465
1997,1,1.761
1997,2,1.7731
1997,3,1.7772
1997,4,1.7392
1997,5,1.7493
1997,6,1.7765
1997,7,1.7936
1997,8,1.7895
1997,9,1.7558
1997,10,1.7141
1997,11,1.7026
1997,12,1.6391
1998,1,1.5904
1998,2,1.5176
1998,3,1.5086
1998,4,1.4484
1998,5,1.4189
1998,6,1.5199
1998,7,1.5401
1998,8,1.5031
1998,9,1.4636
1998,10,1.355
1998,11,1.2364
1998,12,1.2346
1999,1,1.2297
1999,2,1.2388
1999,3,1.2483
1999,4,1.2729
1999,5,1.3206
1999,6,1.2897
1999,7,1.1995
1999,8,1.1237
1999,9,1.0908
1999,10,1.0457
1999,11,1.0188
1999,12,0.9744
2000,1,1.0457
2000,2,1.1845
2000,3,1.2632
2000,4,1.2939
2000,5,1.3336
2000,6,1.3111
2000,7,1.2873
2000,8,1.3424
2000,9,1.3591
2000,10,1.3425
2000,11,1.4105
2000,12,1.452
2001,1,1.4148
2001,2,1.3325
2001,3,1.2029
2001,4,1.1274
2001,5,1.1014
2001,6,1.0465
2001,7,1.0035
2001,8,0.955
2001,9,0.9097
2001,10,0.8201
2001,11,0.8378
2001,12,0.9453
2002,1,0.9565
2002,2,0.9436
2002,3,0.9268
2002,4,0.9127
2002,5,0.8785
2002,6,0.9568
2002,7,1.0268
2002,8,1.0889
2002,9,1.0806
2002,10,1.0928
2002,11,1.1484
2002,12,1.2183
2003,1,1.250115
2003,2,1.292852
2003,3,1.349503
2003,4,1.339858
2003,5,1.275874
2003,6,1.285006
2003,7,1.327469
2003,8,1.33494990095
2003,9,1.413111
2003,10,1.599452
2003,11,1.697061
2003,12,1.624086
2004,1,1.673507
2004,2,1.629544873
2004,3,1.58737432652
2004,4,1.52900418
2004,5,1.54150179857
2004,6,1.422631265
2004,7,1.256282665
2004,8,1.194954145
2004,9,1.240950535
2004,10,1.15858030095
2004,11,1.08306968
2004,12,1.07125361391
2005,1,1.12955280429
2005,2,1.1556066885
2005,3,1.24311812087
2005,4,1.25726329143
2005,5,1.228123655
2005,6,1.193050155
2005,7,1.21275096381
2005,8,1.18915285739
2005,9,1.21110320435
2005,10,1.28272140333
2005,11,1.251783236
2005,12,1.249378196
2006,1,1.28639577
2006,2,1.31505583
2006,3,1.26986112
2006,4,1.24009875
2006,5,1.19821097
2006,6,1.21584793
2006,7,1.22135948
2006,8,1.32056738
2006,9,1.29741887
2006,10,1.25773571
2006,11,1.26545188
2006,12,1.31064659
2007,1,1.30182811
2007,2,1.27537267
2007,3,1.28749808
2007,4,1.25994033
2007,5,1.22466641
2007,6,1.33599972
2007,7,1.49583467
2007,8,1.46827692
2007,9,1.50244853
2007,10,1.52008549
2007,11,1.53662014
2007,12,1.53331321
2008,1,1.61488415
2008,2,1.65456731
2008,3,1.76810524
2008,4,1.66228348
2008,5,1.63362342
2008,6,1.69865971
2008,7,1.70417126
2008,8,1.7206009281
2008,9,1.62260032
2008,10,1.37347826
2008,11,1.21143869
2008,12,1.22246179
2009,1,1.27206574
2009,2,1.21695024
2009,3,1.1353793
2009,4,1.25222416
2009,5,1.36576209
2009,6,1.35363668
2009,7,1.42859376
2009,8,1.41646835
2009,9,1.41205911
2009,10,1.47268616
2009,11,1.58291716
2009,12,1.6755112
2010,1,1.70637588
2010,2,1.76479831
2010,3,1.89156396
2010,4,1.941829296
2010,5,1.985701234
2010,6,2.051178448
2010,7,1.85538815
2010,8,1.9917691881
2010,9,2.308898526
2010,10,2.78994661
2010,11,3.40970728476
2010,12,3.7034088608
2011,1,3.9446714505
2011,2,4.699808916
2011,3,5.063350754
2011,4,4.77557435667
2011,5,3.649087024
2011,6,3.177518806
2011,7,2.6896364
2011,8,2.51547142
2011,9,2.576318932
2011,10,2.438530182
2011,11,2.307796216
2011,12,2.10430979
2012,1,2.229091282
2012,2,2.22115465
2012,3,2.1935969
2012,4,2.203297228
2012,5,1.951840275
2012,6,1.811756716
2012,7,1.851219414
2012,8,1.86069928
2012,9,1.85518773
2012,10,1.80668609
2012,11,1.782876194
2012,12,1.837991694
2013,1,1.885170562
2013,2,1.977764602
2013,3,2.08226359
2013,4,2.034423336
2013,5,2.043021354
2013,6,2.052060296
2013,7,2.041919044
2013,8,2.04478505
2013,9,1.986142158
2013,10,1.970268894
2013,11,1.865769906
2013,12,1.9287669225
2014,1,2.005322352
2014,2,2.07344511
2014,3,2.13737909
2014,4,2.07675204
2014,5,2.043903202
2014,6,2.00399958
2014,7,1.848353408
2014,8,1.6314188
2014,9,1.617750156
2014,10,1.550729708
2014,11,1.488559424
2014,12,1.50575546
2015,1,1.48481157
2015,2,1.539706608
2015,3,1.52890397
2015,4,1.58071254
2015,5,1.606286132
2015,6,1.59504257
2015,7,1.59504257
2015,8,1.583358084
2015,9,1.515455788
2015,10,1.521849186
2015,11,1.526037964
2015,12,1.551832018
2016,1,1.51567625
2016,2,1.467615534
2016,3,1.443144252
2016,4,1.527360736
2016,5,1.549406936
2016,6,1.63362342
2016,7,1.787064972
2016,8,1.769428012
2016,9,1.716517132
2016,10,1.731067624
2016,11,1.739886104
2016,12,1.7526729
2017,1,1.815063646
2017,2,1.87723393
2017,3,1.913169236
2017,4,1.918901248
2017,5,1.954175168
2017,6,1.868635912
2017,7,1.853864958
2017,8,1.749145508
2017,9,1.77692372
2017,10,1.73283132
2017,11,1.772734942
2017,12,1.883186404
2018,1,2.007526972
2018,2,1.946018074
2018,3,2.031336868
2018,4,2.033541488
2018,5,2.082924976
2018,6,2.154134202
2018,7,2.120403516
2018,8,2.08446821
2018,9,1.992094632
2018,10,1.91361016
2018,11,1.912948774
2018,12,1.8959732
2019,1,1.81550457
2019,2,1.78904913
2019,3,1.847692022
2019,4,1.92353095
2019,5,1.766782468
2019,6,1.71188743
2019,7,1.665369948
2019,8,1.560430036
2019,9,1.572114522
2019,10,1.628773256
2019,11,1.650378532
2019,12,1.671763346
2020,1,1.743193034
2020,2,1.688077534
2020,3,1.492307278
2020,4,1.400595086
2020,5,1.44843534
2020,6,1.49473236
2020,7,1.510605624
2020,8,1.541911228
2020,9,1.561091422
2020,10,1.649496684
2020,11,1.713430664
2020,12,1.786183124
2021,1,1.923090026
2021,2,2.045005512
2021,3,2.01612499
2021,4,2.000251726
2021,5,2.003779118
2021,6,2.0833659
2021,7,2.15391374
2021,8,2.23328006
2021,9,2.285750016
2021,10,2.587782956
2021,11,2.789726148
2021,12,2.646425848
2022,1,2.91120071
2022,2,3.051414542
2022,3,3.111380206
2022,4,3.424215784
2022,5,3.61006525
2022,6,3.398862654
2022,7,2.888713586
2022,8,2.742988204
2022,9,2.59263312
2022,10,2.197565216
2022,11,2.22556389
2022,12,2.223800194
2023,1,2.211013398
2023,2,2.190951356
2023,3,2.102987018
2023,4,2.097916392
2023,5,2.07344511
2023,6,2.038832576
2023,7,2.054264916
2023,8,2.114891966
2023,9,2.15942529
2023,10,2.106293948
2023,11,1.994299252
2023,12,1.995401562
2024,1,2.030014096
2024,2,2.196021982
2024,3,2.198887988
2024,4,1.98856724
2024,5,1.9069963
2024,6,1.833802916
2024,7,1.792796984
2024,8,1.761270918
2024,9,1.818370576
2024,10,1.843723706
2024,11,1.797206224
2024,12,1.762373228
2025,1,1.723571916
2025,2,1.721146834
2025,3,1.712548816
2025,4,1.727540232
2025,5,1.719824062
2025,6,1.725776536
2025,7,1.737461022
2025,8,1.73283132
2025,9,1.718280828
2025,10,1.675070276
2025,11,1.656992392
2025,12,1.63252111
