report_date,market_year,role,production,domestic_use,imports,exports,beginning_stocks,ending_stocks,stocks_to_use_pct
April 2010,2007/08,est,119.91,122.97,38.99,38.47,63.13,62.66,51.0
April 2010,2008/09,est,107.4,109.78,30.01,30.13,62.66,62.75,57.2
April 2010,2009/10,proj,101.72,116.07,34.21,34.22,62.75,50.91,43.9
May 2010,2008/09,est,107.46,109.74,30.04,30.16,62.89,63.16,57.6
May 2010,2009/10,est,102.91,115.89,34.62,34.59,63.16,52.75,45.5
May 2010,2010/11,proj,113.88,119.08,35.73,35.72,52.75,50.13,42.1
June 2010,2008/09,est,107.48,109.94,30.04,30.16,62.61,62.7,57.0
June 2010,2009/10,est,102.89,116.43,35.7,35.26,62.7,52.21,44.8
June 2010,2010/11,proj,114.32,119.49,36.12,36.14,52.21,49.59,41.5
July 2010,2008/09,est,107.16,109.94,30.04,30.16,62.31,62.08,56.5
July 2010,2009/10,est,102.55,116.55,35.62,35.31,62.08,50.99,43.7
July 2010,2010/11,proj,116.02,119.7,37.05,37.02,50.99,49.91,41.7
August 2010,2008/09,est,107.16,109.94,30.07,30.11,60.69,60.53,55.1
August 2010,2009/10,est,102.15,117.71,36.21,35.65,60.53,47.58,40.4
August 2010,2010/11,proj,116.85,120.87,38.25,38.24,47.58,45.61,37.7
September 2010,2008/09,est,107.14,109.94,30.07,30.09,60.61,60.44,55.0
September 2010,2009/10,est,101.15,117.2,36.14,35.59,60.44,46.98,40.1
September 2010,2010/11,proj,116.95,120.53,37.96,37.96,46.98,45.44,37.7
October 2010,2008/09,est,107.14,109.94,30.03,30.07,60.61,60.42,55.0
October 2010,2009/10,est,101.36,117.74,36.19,35.54,60.42,46.69,39.7
October 2010,2010/11,proj,116.68,120.77,38.08,38.08,46.69,44.66,37.0
November 2010,2008/09,est,107.1,109.95,30.02,30.07,60.7,60.47,55.0
November 2010,2009/10,est,101.34,118.48,35.89,35.57,60.47,43.65,36.8
November 2010,2010/11,proj,115.25,116.82,38.86,38.85,43.65,42.2,36.1
December 2010,2008/09,est,107.1,109.95,30.02,30.07,60.73,60.52,55.0
December 2010,2009/10,est,101.54,118.38,35.89,35.6,60.52,44.0,37.2
December 2010,2010/11,proj,115.53,116.25,38.66,38.68,44.0,43.39,37.3
January 2011,2008/09,est,107.1,109.95,30.02,30.07,60.73,60.52,55.0
January 2011,2009/10,est,101.54,118.52,35.88,35.6,60.52,43.85,37.0
January 2011,2010/11,proj,115.46,116.58,38.32,38.35,43.85,42.84,36.7
February 2011,2008/09,est,107.1,110.07,30.14,30.07,60.73,60.52,55.0
February 2011,2009/10,est,101.54,118.52,35.98,35.55,60.52,43.99,37.1
February 2011,2010/11,proj,115.25,116.55,38.1,38.12,43.99,42.81,36.7
March 2011,2008/09,est,107.1,110.07,30.14,30.07,60.73,60.52,55.0
March 2011,2009/10,est,101.34,118.52,35.98,35.55,60.52,43.84,37.0
March 2011,2010/11,proj,114.95,116.61,38.59,38.58,43.84,42.33,36.3
April 2011,2008/09,est,107.1,110.07,30.14,30.07,60.73,60.52,55.0
April 2011,2009/10,est,101.34,118.52,36.16,35.58,60.52,43.99,37.1
April 2011,2010/11,proj,114.53,117.12,38.13,38.13,43.99,41.55,35.5
May 2011,2009/10,est,101.39,118.4,36.24,35.57,60.54,44.28,37.4
May 2011,2010/11,est,114.6,116.51,37.0,37.0,44.28,42.52,36.5
May 2011,2011/12,proj,124.72,119.5,39.86,39.87,42.52,47.93,40.1
June 2011,2009/10,est,101.38,118.4,36.24,35.57,60.54,44.28,37.4
June 2011,2010/11,est,114.29,115.51,35.95,35.9,44.28,43.24,37.4
June 2011,2011/12,proj,123.77,118.95,39.41,39.42,43.24,48.25,40.6
July 2011,2009/10,est,101.38,118.4,36.24,35.57,60.54,44.28,37.4
July 2011,2010/11,est,114.56,114.93,35.77,35.41,44.28,44.4,38.6
July 2011,2011/12,proj,123.16,116.75,38.29,38.29,44.4,51.0,43.7
August 2011,2009/10,est,101.38,118.4,36.24,35.57,60.54,44.28,37.4
August 2011,2010/11,est,114.59,113.93,35.21,35.3,44.28,44.99,39.5
August 2011,2011/12,proj,122.71,115.18,37.58,37.59,44.99,52.66,45.7
September 2011,2009/10,est,101.38,118.89,36.24,35.57,60.55,43.89,36.9
September 2011,2010/11,est,114.56,114.39,35.33,35.38,43.89,43.97,38.4
September 2011,2011/12,proj,122.96,115.22,37.31,37.3,43.97,51.91,45.1
October 2011,2009/10,est,101.41,119.11,36.35,35.5,60.68,43.99,36.9
October 2011,2010/11,est,115.08,114.32,35.6,35.44,43.99,44.87,39.2
October 2011,2011/12,proj,124.19,114.38,36.53,36.51,44.87,54.83,47.9
November 2011,2009/10,est,101.63,119.11,36.35,35.6,60.8,44.24,37.1
November 2011,2010/11,est,115.28,114.35,35.65,35.57,44.24,45.22,39.5
November 2011,2011/12,proj,123.89,114.27,36.31,36.33,45.22,54.96,48.1
December 2011,2009/10,est,101.63,119.01,36.35,35.6,60.8,44.34,37.3
December 2011,2010/11,est,115.28,114.17,35.66,35.58,44.34,45.49,39.8
December 2011,2011/12,proj,123.42,111.34,36.55,36.57,45.49,57.67,51.8
January 2012,2009/10,est,101.68,119.01,36.35,35.6,60.8,44.39,37.3
January 2012,2010/11,est,115.32,114.32,35.69,35.7,44.39,45.35,39.7
January 2012,2011/12,proj,122.84,109.99,36.51,36.52,45.35,58.35,53.1
February 2012,2009/10,est,102.59,119.01,36.35,35.59,60.81,45.29,38.1
February 2012,2010/11,est,116.46,114.64,35.69,35.75,45.29,46.99,41.0
February 2012,2011/12,proj,123.34,109.71,37.42,37.42,46.99,60.77,55.4
March 2012,2009/10,est,102.59,118.96,36.35,35.59,60.81,45.34,38.1
March 2012,2010/11,est,116.56,114.51,35.69,35.75,45.34,47.26,41.3
March 2012,2011/12,proj,123.64,108.72,38.77,38.77,47.26,62.32,57.3
April 2012,2009/10,est,102.59,118.96,36.35,35.59,60.81,47.09,39.6
April 2012,2010/11,est,116.56,114.51,35.69,36.0,47.09,50.51,44.1
April 2012,2011/12,proj,123.14,107.74,41.13,41.12,50.51,66.07,61.3
May 2012,2010/11,est,116.4,114.47,35.7,36.0,47.04,50.37,44.0
May 2012,2011/12,est,123.04,106.49,41.59,41.78,50.37,66.88,62.8
May 2012,2012/13,proj,116.69,109.96,37.64,37.62,66.88,73.75,67.1
June 2012,2010/11,est,116.4,114.67,35.92,36.66,47.82,49.51,43.2
June 2012,2011/12,est,123.07,106.12,43.4,43.42,49.51,67.32,63.4
June 2012,2012/13,proj,115.29,109.01,36.97,36.95,67.32,74.51,68.4
July 2012,2010/11,est,116.4,114.65,35.92,36.66,47.82,49.52,43.2
July 2012,2011/12,est,122.71,106.59,43.55,43.4,49.52,66.68,62.6
July 2012,2012/13,proj,113.81,108.98,37.39,37.39,66.68,72.39,66.4
August 2012,2010/11,est,116.4,114.65,35.92,36.66,47.82,49.52,43.2
August 2012,2011/12,est,122.67,105.38,44.33,44.34,49.52,67.8,64.3
August 2012,2012/13,proj,114.11,108.16,37.2,37.21,67.8,74.67,69.0
September 2012,2010/11,est,116.4,114.3,35.92,36.66,47.82,49.52,43.3
September 2012,2011/12,est,124.16,104.28,44.91,44.97,49.52,69.88,67.0
September 2012,2012/13,proj,114.03,107.55,36.6,36.6,69.88,76.52,71.1
October 2012,2010/11,est,116.4,114.13,35.86,36.66,46.82,48.63,42.6
October 2012,2011/12,est,124.13,103.17,44.71,45.05,48.63,69.56,67.4
October 2012,2012/13,proj,116.32,106.87,36.46,36.45,69.56,79.11,74.0
November 2012,2010/11,est,116.4,114.18,35.87,36.54,46.81,48.7,42.7
November 2012,2011/12,est,124.28,103.17,44.8,45.29,48.7,69.63,67.5
November 2012,2012/13,proj,116.83,106.33,36.6,36.6,69.63,80.27,75.5
December 2012,2010/11,est,116.4,114.19,35.87,35.54,46.51,48.93,42.8
December 2012,2011/12,est,124.27,103.21,44.8,45.86,48.93,69.18,67.0
December 2012,2012/13,proj,116.9,106.48,37.71,37.73,69.18,79.64,74.8
January 2013,2010/11,est,116.33,114.06,35.67,35.54,46.5,48.78,42.8
January 2013,2011/12,est,124.13,103.09,44.7,45.92,48.78,68.85,66.8
January 2013,2012/13,proj,118.83,106.06,38.87,38.89,68.85,81.72,77.1
February 2013,2010/11,est,116.33,114.05,35.67,35.49,46.65,49.0,43.0
February 2013,2011/12,est,124.13,103.09,44.7,45.96,49.0,69.03,67.0
February 2013,2012/13,proj,118.95,106.24,40.44,40.43,69.03,81.86,77.1
March 2013,2010/11,est,116.33,114.05,35.67,35.49,46.65,49.0,43.0
March 2013,2011/12,est,124.13,103.19,44.75,45.96,49.0,68.98,66.8
March 2013,2012/13,proj,119.87,107.11,41.86,41.92,68.98,81.74,76.3
April 2013,2010/11,est,116.33,114.05,35.61,35.49,46.66,49.44,43.3
April 2013,2011/12,est,124.1,102.98,44.8,45.95,49.44,70.16,68.1
April 2013,2012/13,proj,119.7,107.44,43.71,43.7,70.16,82.45,76.7
May 2013,2011/12,est,125.14,103.31,45.07,45.87,49.44,71.22,68.9
May 2013,2012/13,est,120.95,108.15,45.21,45.01,71.22,84.78,78.4
May 2013,2013/14,proj,117.82,110.43,39.5,39.5,84.78,92.74,84.0
June 2013,2011/12,est,125.14,103.31,45.07,45.88,49.44,71.22,68.9
June 2013,2012/13,est,120.97,108.1,46.92,46.64,71.22,84.93,78.6
June 2013,2013/14,proj,117.16,110.17,38.42,38.43,84.93,92.49,84.0
July 2013,2011/12,est,125.14,103.31,45.07,45.88,49.44,71.22,68.9
July 2013,2012/13,est,121.25,107.38,46.39,46.46,71.22,85.58,79.7
July 2013,2013/14,proj,118.02,109.79,38.26,38.3,85.58,94.34,85.9
August 2013,2011/12,est,125.14,103.33,45.07,45.86,49.45,71.72,69.4
August 2013,2012/13,est,121.06,107.42,46.89,46.65,71.72,86.35,80.4
August 2013,2013/14,proj,116.38,109.85,38.37,38.36,86.35,93.77,85.4
September 2013,2011/12,est,125.14,103.15,45.02,46.04,49.55,71.77,69.6
September 2013,2012/13,est,121.04,107.27,46.43,46.74,71.77,86.04,80.2
September 2013,2013/14,proj,117.42,109.53,38.93,38.96,86.04,94.73,86.5
November 2013,2011/12,est,126.64,103.15,45.02,46.04,50.18,72.89,70.7
November 2013,2012/13,est,123.09,107.12,46.1,46.73,72.89,88.06,82.2
November 2013,2013/14,proj,117.22,109.63,38.95,38.95,88.06,95.71,87.3
December 2013,2011/12,est,126.64,102.82,45.02,46.04,50.18,73.22,71.2
December 2013,2012/13,est,123.08,106.37,46.09,46.7,73.22,89.14,83.8
December 2013,2013/14,proj,116.83,109.68,38.5,38.49,89.14,96.41,87.9
January 2014,2011/12,est,126.64,102.83,45.02,46.04,50.23,73.32,71.3
January 2014,2012/13,est,123.08,106.37,45.95,46.7,73.32,89.17,83.8
January 2014,2013/14,proj,117.81,109.5,38.45,38.47,89.17,97.61,89.1
February 2014,2011/12,est,126.64,102.81,45.02,46.06,50.23,73.32,71.3
February 2014,2012/13,est,123.07,106.35,45.95,46.71,73.32,89.16,83.8
February 2014,2013/14,proj,116.67,109.48,38.45,38.47,89.16,96.47,88.1
March 2014,2011/12,est,126.64,102.81,45.02,46.06,50.23,73.32,71.3
March 2014,2012/13,est,123.07,106.35,45.95,46.71,73.32,89.16,83.8
March 2014,2013/14,proj,116.68,109.21,38.43,38.45,89.16,96.75,88.6
April 2014,2011/12,est,126.64,102.86,45.02,46.02,50.36,73.44,71.4
April 2014,2012/13,est,123.02,106.45,45.95,46.66,73.44,89.65,84.2
April 2014,2013/14,proj,116.62,109.45,39.56,39.6,89.65,96.92,88.6
May 2014,2012/13,est,122.95,106.77,46.2,46.69,73.47,90.03,84.3
May 2014,2013/14,est,117.13,109.38,40.35,40.34,90.03,97.91,89.5
May 2014,2014/15,proj,115.46,111.83,36.29,36.29,97.91,101.66,90.9
June 2014,2012/13,est,122.95,106.77,46.2,46.69,73.47,90.03,84.3
June 2014,2013/14,est,118.13,109.82,41.07,41.02,90.03,99.0,90.1
June 2014,2014/15,proj,115.92,112.29,35.57,35.56,99.0,102.71,91.5
July 2014,2012/13,est,122.95,106.77,46.2,46.69,73.47,90.03,84.3
July 2014,2013/14,est,118.33,108.46,40.55,40.5,90.03,100.56,92.7
July 2014,2014/15,proj,116.42,111.34,35.54,35.58,100.56,105.68,94.9
August 2014,2012/13,est,122.95,106.77,46.2,46.69,73.47,90.03,84.3
August 2014,2013/14,est,118.27,108.42,40.34,40.8,90.03,99.96,92.2
August 2014,2014/15,proj,117.64,112.6,36.3,36.29,99.96,105.08,93.3
September 2014,2012/13,est,122.95,106.52,45.79,46.74,73.47,89.82,84.3
September 2014,2013/14,est,118.7,107.99,40.36,40.95,89.82,100.3,92.9
September 2014,2014/15,proj,118.01,112.12,35.19,35.18,100.3,106.29,94.8
October 2014,2012/13,est,122.89,106.89,46.19,46.72,73.52,89.82,84.0
October 2014,2013/14,est,119.6,108.41,40.72,40.92,89.82,101.31,93.5
October 2014,2014/15,proj,119.37,113.68,34.39,34.4,101.31,107.11,94.2
November 2014,2012/13,est,123.56,107.58,46.18,46.67,73.7,90.01,83.7
November 2014,2013/14,est,120.31,109.07,40.67,40.94,90.01,101.48,93.0
November 2014,2014/15,proj,119.61,113.85,34.35,34.35,101.48,107.36,94.3
December 2014,2012/13,est,123.56,107.7,46.3,46.68,73.7,90.0,83.6
December 2014,2013/14,est,120.29,108.97,40.58,40.77,90.0,101.64,93.3
December 2014,2014/15,proj,118.98,112.6,34.25,34.29,101.64,108.08,96.0
January 2015,2012/13,est,123.58,107.78,46.3,46.76,73.81,89.97,83.5
January 2015,2013/14,est,120.44,109.1,40.58,40.73,89.97,101.66,93.2
January 2015,2014/15,proj,119.17,112.24,33.99,33.99,101.66,108.64,96.8
February 2015,2012/13,est,123.58,107.78,46.3,46.76,73.81,89.97,83.5
February 2015,2013/14,est,120.44,109.1,40.58,40.73,89.97,101.66,93.2
February 2015,2014/15,proj,119.37,111.25,34.2,34.24,101.66,109.84,98.7
March 2015,2012/13,est,123.63,107.78,46.3,46.74,73.78,90.02,83.5
March 2015,2013/14,est,120.44,109.1,40.58,40.73,90.02,101.71,93.2
March 2015,2014/15,proj,119.24,110.96,34.4,34.42,101.71,110.06,99.2
April 2015,2012/13,est,123.63,107.73,46.32,46.65,73.64,90.04,83.6
April 2015,2013/14,est,120.43,109.02,40.6,40.74,90.04,101.82,93.4
April 2015,2014/15,proj,119.23,111.05,34.25,34.26,101.82,110.09,99.1
May 2015,2013/14,est,120.43,109.05,40.08,40.02,90.48,102.43,93.9
May 2015,2014/15,est,119.28,111.45,33.74,33.81,102.43,110.25,98.9
May 2015,2015/16,proj,111.25,115.29,33.65,33.66,110.25,106.29,92.2
June 2015,2013/14,est,120.43,108.96,40.08,40.08,90.54,102.53,94.1
June 2015,2014/15,est,118.86,111.47,34.19,34.17,102.53,110.01,98.7
June 2015,2015/16,proj,111.32,115.31,33.77,33.8,110.01,106.08,92.0
July 2015,2013/14,est,120.48,108.96,40.08,40.08,90.77,102.8,94.3
July 2015,2014/15,est,118.98,110.86,34.57,34.6,102.8,110.96,100.1
July 2015,2015/16,proj,111.46,114.44,34.05,34.05,110.96,108.14,94.5
August 2015,2013/14,est,120.48,110.08,41.31,40.89,91.84,103.06,93.6
August 2015,2014/15,est,118.98,111.8,36.12,35.54,103.06,110.71,99.0
August 2015,2015/16,proj,108.99,114.65,34.54,34.52,110.71,105.19,91.7
September 2015,2013/14,est,120.46,110.08,41.31,40.87,91.8,103.0,93.6
September 2015,2014/15,est,118.94,111.53,36.01,35.41,103.0,110.91,99.4
September 2015,2015/16,proj,108.74,113.44,34.24,34.26,110.91,106.26,93.7
October 2015,2013/14,est,120.4,110.05,41.28,40.84,91.81,102.98,93.6
October 2015,2014/15,est,118.92,110.48,35.92,35.46,102.98,111.79,101.2
October 2015,2015/16,proj,107.38,112.27,34.2,34.19,111.79,106.97,95.3
November 2015,2013/14,est,120.41,110.05,41.28,40.84,91.81,102.98,93.6
November 2015,2014/15,est,118.91,110.33,35.81,35.35,102.98,111.94,101.5
November 2015,2015/16,proj,105.63,111.59,34.35,34.35,111.94,106.09,95.1
December 2015,2013/14,est,120.41,109.95,41.28,40.81,91.74,103.05,93.7
December 2015,2014/15,est,119.11,110.38,35.71,35.39,103.05,112.01,101.5
December 2015,2015/16,proj,103.71,111.39,35.35,35.35,112.01,104.39,93.7
January 2016,2013/14,est,120.41,109.92,41.28,40.81,91.74,103.07,93.8
January 2016,2014/15,est,119.15,110.4,35.71,35.38,103.07,112.07,101.5
January 2016,2015/16,proj,101.56,110.94,36.07,36.05,112.07,102.86,92.7
February 2016,2013/14,est,120.41,109.92,41.28,40.81,91.74,103.07,93.8
February 2016,2014/15,est,119.15,110.3,35.71,35.38,103.07,112.17,101.7
February 2016,2015/16,proj,101.38,109.6,35.08,35.11,112.17,104.08,95.0
March 2016,2013/14,est,120.41,109.92,41.28,40.81,91.74,103.07,93.8
March 2016,2014/15,est,119.15,110.3,35.71,35.38,103.07,112.17,101.7
March 2016,2015/16,proj,100.22,109.21,34.92,34.9,112.17,103.34,94.6
April 2016,2013/14,est,120.41,109.92,41.23,40.87,91.66,102.86,93.6
April 2016,2014/15,est,119.07,110.2,35.63,35.38,102.86,111.88,101.5
April 2016,2015/16,proj,99.8,109.59,34.89,34.84,111.88,102.22,93.3
May 2016,2014/15,est,119.07,110.12,35.73,35.35,103.23,112.45,102.1
May 2016,2015/16,est,99.55,109.03,33.98,34.17,112.45,102.84,94.3
May 2016,2016/17,proj,104.36,110.78,33.1,33.11,102.84,96.48,87.1
June 2016,2014/15,est,119.07,110.12,35.73,35.35,103.23,112.45,102.1
June 2016,2015/16,est,98.15,108.78,34.38,34.23,112.45,102.08,93.8
June 2016,2016/17,proj,103.17,110.59,33.33,33.33,102.08,94.73,85.7
July 2016,2014/15,est,119.08,110.12,35.73,35.36,103.23,112.46,102.1
July 2016,2015/16,est,97.92,110.2,34.3,34.31,112.46,100.27,91.0
July 2016,2016/17,proj,102.55,111.6,34.35,34.36,100.27,91.29,81.8
August 2016,2014/15,est,119.1,110.13,35.74,35.42,103.23,112.41,102.1
August 2016,2015/16,est,96.93,110.19,34.92,34.94,112.41,99.18,90.0
August 2016,2016/17,proj,101.58,111.26,34.05,34.02,99.18,89.61,80.5
September 2016,2014/15,est,119.1,110.13,35.74,35.43,103.23,112.35,102.0
September 2016,2015/16,est,96.44,110.09,34.76,34.82,112.35,98.55,89.5
September 2016,2016/17,proj,102.47,111.23,33.9,33.91,98.55,89.81,80.7
October 2016,2014/15,est,119.1,111.13,35.74,35.31,103.31,111.54,100.4
October 2016,2015/16,est,96.32,111.31,35.25,35.11,111.54,96.6,86.8
October 2016,2016/17,proj,102.69,112.03,34.91,34.87,96.6,87.35,78.0
November 2016,2014/15,est,119.19,111.12,35.72,35.31,103.31,111.62,100.4
November 2016,2015/16,est,96.51,111.27,35.28,35.14,111.62,96.91,87.1
November 2016,2016/17,proj,103.28,111.99,35.21,35.21,96.91,88.31,78.9
December 2016,2014/15,est,119.19,111.42,36.07,35.31,103.31,111.67,100.2
December 2016,2015/16,est,96.46,111.27,35.22,35.18,111.67,96.8,87.0
December 2016,2016/17,proj,104.24,111.91,35.3,35.33,96.8,89.15,79.7
January 2017,2014/15,est,119.19,111.41,36.07,35.32,103.32,111.73,100.3
January 2017,2015/16,est,96.46,111.25,35.2,35.21,111.73,96.89,87.1
January 2017,2016/17,proj,105.34,111.76,35.65,35.64,96.89,90.65,81.1
February 2017,2014/15,est,119.19,111.41,36.07,35.32,103.32,111.73,100.3
February 2017,2015/16,est,96.47,111.25,35.2,35.28,111.73,96.83,87.0
February 2017,2016/17,proj,105.42,112.52,35.75,35.74,96.83,89.9,79.9
March 2017,2014/15,est,119.19,111.41,36.07,35.32,103.32,111.73,100.3
March 2017,2015/16,est,96.72,111.23,35.2,35.29,111.73,97.09,87.3
March 2017,2016/17,proj,105.72,112.43,35.96,35.95,97.09,90.48,80.5
April 2017,2014/15,est,119.19,111.41,36.07,35.3,103.31,111.74,100.3
April 2017,2015/16,est,96.71,111.24,35.19,35.29,111.74,97.08,87.3
April 2017,2016/17,proj,106.3,112.59,36.1,36.1,97.08,90.91,80.7
May 2017,2015/16,est,96.76,111.22,35.19,35.3,111.74,97.14,87.3
May 2017,2016/17,est,105.88,113.2,36.49,36.96,97.14,89.52,79.1
May 2017,2017/18,proj,113.22,115.75,37.63,37.63,89.52,87.14,75.3
June 2017,2015/16,est,96.79,111.22,35.19,35.3,111.74,97.17,87.4
June 2017,2016/17,est,105.99,113.57,36.39,36.8,97.17,89.34,78.7
June 2017,2017/18,proj,114.73,116.51,36.85,36.84,89.34,87.71,75.3
July 2017,2015/16,est,96.76,111.23,35.19,35.28,111.75,97.17,87.4
July 2017,2016/17,est,106.54,113.77,36.71,36.56,97.17,90.27,79.3
July 2017,2017/18,proj,115.36,117.03,36.77,36.81,90.27,88.73,75.8
August 2017,2015/16,est,96.76,111.26,35.22,35.28,111.75,97.22,87.4
August 2017,2016/17,est,106.49,113.63,37.13,37.39,97.22,89.99,79.2
August 2017,2017/18,proj,117.31,117.4,37.19,37.17,89.99,90.09,76.7
September 2017,2015/16,est,96.25,111.25,35.22,35.28,111.75,96.72,86.9
September 2017,2016/17,est,106.74,113.68,37.21,37.54,96.72,89.57,78.8
September 2017,2017/18,proj,120.75,117.75,37.82,37.78,89.57,92.54,78.6
October 2017,2015/16,est,96.17,111.25,35.22,35.23,111.75,96.68,86.9
October 2017,2016/17,est,106.61,113.69,37.24,37.39,96.68,89.57,78.8
October 2017,2017/18,proj,120.86,118.01,38.2,38.22,89.57,92.38,78.3
November 2017,2015/16,est,96.15,111.71,35.42,35.13,111.15,95.91,85.9
November 2017,2016/17,est,106.47,114.22,37.62,37.23,95.91,88.67,77.6
November 2017,2017/18,proj,121.46,119.25,38.03,38.04,88.67,90.88,76.2
December 2017,2015/16,est,96.15,112.26,35.42,35.13,111.15,95.36,84.9
December 2017,2016/17,est,106.56,114.77,37.62,37.23,95.36,87.65,76.4
December 2017,2017/18,proj,119.96,119.59,38.48,38.46,87.65,88.0,73.6
January 2018,2015/16,est,96.15,112.26,35.42,35.13,111.15,95.35,84.9
January 2018,2016/17,est,106.56,114.77,37.62,37.24,95.35,87.64,76.4
January 2018,2017/18,proj,120.97,120.83,38.37,38.38,87.64,87.79,72.7
February 2018,2015/16,est,96.14,112.26,35.42,35.13,111.15,95.34,84.9
February 2018,2016/17,est,106.57,114.75,37.6,37.22,95.34,87.66,76.4
February 2018,2017/18,proj,121.37,120.5,38.23,38.22,87.66,88.55,73.5
March 2018,2015/16,est,96.2,112.3,35.42,35.07,111.05,95.32,84.9
March 2018,2016/17,est,106.8,114.81,37.6,37.33,95.32,87.7,76.4
March 2018,2017/18,proj,121.94,120.79,38.83,38.83,87.7,88.85,73.6
April 2018,2015/16,est,96.2,112.29,35.42,34.97,110.76,94.91,84.5
April 2018,2016/17,est,106.76,114.78,37.6,37.53,94.91,86.8,75.6
April 2018,2017/18,proj,122.18,120.39,39.05,39.06,86.8,88.29,73.3
May 2018,2016/17,est,106.66,114.76,37.56,37.38,95.0,86.92,75.7
May 2018,2017/18,est,122.43,120.74,39.23,39.38,86.92,88.21,73.1
May 2018,2018/19,proj,121.19,125.44,41.12,41.12,88.21,83.75,66.8
June 2018,2016/17,est,106.63,114.81,37.66,37.4,95.03,86.94,75.7
June 2018,2017/18,est,122.76,120.77,39.65,40.13,86.94,88.21,73.0
June 2018,2018/19,proj,120.4,125.35,41.06,41.07,88.21,83.02,66.2
July 2018,2016/17,est,106.63,115.81,37.66,37.4,93.48,84.34,72.8
July 2018,2017/18,est,123.69,122.23,40.15,40.69,84.34,84.96,69.5
July 2018,2018/19,proj,120.11,126.95,41.23,41.24,84.96,77.84,61.3
August 2018,2016/17,est,106.63,115.78,37.65,37.65,93.45,84.09,72.6
August 2018,2017/18,est,123.51,122.74,40.79,40.79,84.09,84.51,68.9
August 2018,2018/19,proj,120.53,127.62,41.8,41.82,84.51,77.1,60.4
September 2018,2016/17,est,106.63,116.12,37.69,37.65,93.44,83.79,72.2
September 2018,2017/18,est,123.48,123.22,40.92,40.71,83.79,83.79,68.0
September 2018,2018/19,proj,121.97,127.94,41.79,41.8,83.79,77.46,60.5
October 2018,2016/17,est,106.63,116.16,37.7,37.65,90.55,80.85,69.6
October 2018,2017/18,est,123.53,123.27,41.0,40.74,80.85,80.89,65.6
October 2018,2018/19,proj,121.66,127.76,41.44,41.45,80.89,74.45,58.3
November 2018,2016/17,est,106.66,116.17,37.7,37.9,90.33,80.4,69.2
November 2018,2017/18,est,123.7,123.28,40.98,40.94,80.4,80.39,65.2
November 2018,2018/19,proj,119.39,126.88,41.11,41.13,80.39,72.61,57.2
December 2018,2016/17,est,106.66,116.17,37.7,37.9,90.33,80.4,69.2
December 2018,2017/18,est,123.7,123.16,40.98,40.99,80.4,80.45,65.3
December 2018,2018/19,proj,118.74,125.63,41.71,41.73,80.45,73.19,58.3
February 2019,2016/17,est,106.66,116.18,37.7,37.91,90.34,80.4,69.2
February 2019,2017/18,est,123.69,122.58,40.93,40.92,80.4,81.05,66.1
February 2019,2018/19,proj,118.45,123.64,42.31,42.32,81.05,75.5,61.1
March 2019,2016/17,est,106.66,116.18,37.7,37.91,90.34,80.4,69.2
March 2019,2017/18,est,123.78,122.58,40.93,40.92,80.4,81.14,66.2
March 2019,2018/19,proj,118.89,123.59,42.18,42.18,81.14,76.09,61.6
April 2019,2016/17,est,106.66,116.18,37.7,37.91,90.34,80.4,69.2
April 2019,2017/18,est,123.76,122.76,41.04,40.92,80.4,81.05,66.0
April 2019,2018/19,proj,118.93,123.18,42.09,42.09,81.05,76.44,62.1
May 2019,2017/18,est,123.78,122.77,41.05,40.93,80.42,81.08,66.0
May 2019,2018/19,est,118.43,122.71,42.03,42.03,81.08,76.47,62.3
May 2019,2019/20,proj,125.45,125.93,45.35,45.35,76.47,75.69,60.1
June 2019,2017/18,est,123.78,122.68,41.02,41.02,80.31,80.94,66.0
June 2019,2018/19,est,118.87,122.31,42.46,42.1,80.94,77.53,63.4
June 2019,2019/20,proj,125.32,125.27,44.74,44.75,77.53,77.26,61.7
July 2019,2017/18,est,123.78,122.68,41.02,41.02,80.31,80.97,66.0
July 2019,2018/19,est,119.32,121.07,41.41,41.05,80.97,79.27,65.5
July 2019,2019/20,proj,125.79,124.27,44.12,44.15,79.27,80.42,64.7
August 2019,2017/18,est,123.78,122.68,41.02,40.95,80.31,81.03,66.0
August 2019,2018/19,est,119.19,120.61,41.83,40.83,81.03,80.27,66.6
August 2019,2019/20,proj,125.61,123.07,43.9,43.85,80.27,82.45,67.0
September 2019,2017/18,est,123.78,122.79,41.16,41.39,80.31,80.96,65.9
September 2019,2018/19,est,119.05,120.44,42.5,41.15,80.96,80.8,67.1
September 2019,2019/20,proj,124.9,121.74,43.28,43.34,80.8,83.75,68.8
October 2019,2017/18,est,123.78,122.77,41.15,41.41,80.29,80.93,65.9
October 2019,2018/19,est,119.01,120.23,42.36,41.23,80.93,80.73,67.1
October 2019,2019/20,proj,124.77,121.61,42.9,42.91,80.73,83.69,68.8
November 2019,2017/18,est,123.78,122.76,41.16,41.41,80.29,80.94,65.9
November 2019,2018/19,est,118.8,120.29,42.5,41.28,80.94,80.55,67.0
November 2019,2019/20,proj,121.94,121.49,44.03,44.03,80.55,80.8,66.5
December 2019,2017/18,est,123.78,122.76,41.16,41.51,80.29,80.84,65.9
December 2019,2018/19,est,118.1,120.29,42.5,41.34,80.84,79.69,66.2
December 2019,2019/20,proj,121.11,120.27,44.38,44.4,79.69,80.32,66.8
January 2020,2017/18,est,123.78,122.76,41.16,41.51,80.29,80.84,65.9
January 2020,2018/19,est,118.14,120.19,42.2,41.34,80.84,79.53,66.2
January 2020,2019/20,proj,120.48,120.22,43.83,43.85,79.53,79.59,66.2
February 2020,2017/18,est,123.78,122.76,41.16,41.51,80.29,80.84,65.9
February 2020,2018/19,est,118.6,120.19,42.2,41.35,80.84,79.99,66.6
February 2020,2019/20,proj,121.33,119.01,43.55,43.54,79.99,82.12,69.0
March 2020,2017/18,est,123.78,122.76,41.16,41.51,80.29,80.84,65.9
March 2020,2018/19,est,118.61,120.3,42.5,41.35,80.84,80.18,66.7
March 2020,2019/20,proj,121.59,118.16,43.57,43.6,80.18,83.4,70.6
April 2020,2017/18,est,123.78,122.75,41.15,41.58,80.26,80.74,65.8
April 2020,2018/19,est,118.61,120.3,42.47,41.12,80.74,80.28,66.7
April 2020,2019/20,proj,121.71,110.58,40.68,40.64,80.28,91.26,82.5
May 2020,2018/19,est,118.65,120.32,42.47,41.12,80.74,80.31,66.7
May 2020,2019/20,est,122.67,105.0,39.33,40.05,80.31,97.16,92.5
May 2020,2020/21,proj,118.95,116.46,42.84,42.93,97.16,99.43,85.4
June 2020,2018/19,est,118.65,120.33,42.47,41.13,80.92,80.47,66.9
June 2020,2019/20,est,122.97,102.65,39.68,39.81,80.47,100.56,98.0
June 2020,2020/21,proj,118.74,114.41,42.82,42.9,100.56,104.67,91.5
July 2020,2018/19,est,118.65,120.38,42.47,41.22,80.92,80.4,66.8
July 2020,2019/20,est,122.96,102.36,40.0,39.98,80.4,100.92,98.6
July 2020,2020/21,proj,116.25,114.29,41.84,41.81,100.92,102.77,89.9
August 2020,2018/19,est,118.65,120.18,42.27,41.4,80.92,80.23,66.8
August 2020,2019/20,est,122.99,102.4,40.11,40.28,80.23,100.56,98.2
August 2020,2020/21,proj,117.53,113.05,41.58,41.59,100.56,104.91,92.8
September 2020,2018/19,est,118.65,120.19,42.32,41.4,80.93,80.27,66.8
September 2020,2019/20,est,121.98,102.13,40.03,40.74,80.27,99.44,97.4
September 2020,2020/21,proj,117.2,112.69,41.75,41.72,99.44,103.84,92.1
October 2020,2018/19,est,118.58,120.18,42.32,41.41,80.93,80.2,66.7
October 2020,2019/20,est,121.83,102.05,40.09,40.89,80.2,99.21,97.2
October 2020,2020/21,proj,116.27,114.21,42.23,42.24,99.21,101.13,88.5
November 2020,2018/19,est,118.58,120.19,42.43,41.64,81.11,80.25,66.8
November 2020,2019/20,est,122.16,102.05,40.19,40.98,80.25,99.59,97.6
November 2020,2020/21,proj,116.11,114.05,42.84,42.87,99.59,101.44,88.9
December 2020,2018/19,est,118.58,120.16,42.43,41.64,81.11,80.27,66.8
December 2020,2019/20,est,122.14,102.23,40.19,40.98,80.27,99.42,97.3
December 2020,2020/21,proj,113.9,115.63,43.17,43.21,99.42,97.52,84.3
January 2021,2018/19,est,118.58,120.16,42.43,41.64,81.11,80.27,66.8
January 2021,2019/20,est,122.14,102.61,40.68,41.24,80.27,99.28,96.8
January 2021,2020/21,proj,112.87,115.73,43.55,43.56,99.28,96.32,83.2
February 2021,2018/19,est,118.56,120.46,42.43,41.64,81.11,79.96,66.4
February 2021,2019/20,est,122.12,102.61,40.68,41.26,79.96,98.92,96.4
February 2021,2020/21,proj,114.14,117.21,43.92,43.9,98.92,95.74,81.7
March 2021,2018/19,est,118.56,120.46,42.43,41.65,81.1,79.95,66.4
March 2021,2019/20,est,122.12,102.61,40.68,41.33,79.95,98.84,96.3
March 2021,2020/21,proj,113.32,117.46,44.53,44.54,98.84,94.59,80.5
April 2021,2018/19,est,118.56,120.46,42.43,41.65,81.1,79.95,66.4
April 2021,2019/20,est,122.12,102.93,40.73,41.48,79.95,98.41,95.6
April 2021,2020/21,proj,113.04,117.85,45.47,45.48,98.41,93.46,79.3
May 2021,2019/20,est,121.42,102.95,40.74,41.45,80.02,97.82,95.0
May 2021,2020/21,est,113.11,117.41,46.01,46.21,97.82,93.16,79.3
May 2021,2021/22,proj,119.44,121.48,45.51,45.51,93.16,90.99,74.9
June 2021,2019/20,est,121.42,102.85,40.74,41.45,80.02,97.92,95.2
June 2021,2020/21,est,113.26,118.03,47.47,47.41,97.92,93.05,78.8
June 2021,2021/22,proj,118.87,122.54,46.59,46.59,93.05,89.3,72.9
July 2021,2019/20,est,121.42,102.85,40.74,41.44,80.02,97.92,95.2
July 2021,2020/21,est,112.56,118.6,47.82,48.0,97.92,91.57,77.2
July 2021,2021/22,proj,119.39,123.16,45.92,45.92,91.57,87.74,71.2
August 2021,2019/20,est,121.4,102.82,40.74,41.23,80.05,98.16,95.5
August 2021,2020/21,est,112.42,119.01,48.39,48.05,98.16,91.78,77.1
August 2021,2021/22,proj,118.84,123.33,46.25,46.25,91.78,87.23,70.7
September 2021,2019/20,est,121.4,102.81,40.74,41.23,80.1,98.22,95.5
September 2021,2020/21,est,112.39,119.64,48.91,48.48,98.22,91.3,76.3
September 2021,2021/22,proj,119.59,124.14,46.76,46.76,91.3,86.68,69.8
October 2021,2019/20,est,121.4,102.87,40.81,41.23,79.51,97.65,94.9
October 2021,2020/21,est,112.16,119.93,48.96,48.49,97.65,90.3,75.3
October 2021,2021/22,proj,120.28,123.4,46.45,46.43,90.3,87.13,70.6
November 2021,2019/20,est,121.4,103.07,40.81,41.23,79.51,97.45,94.5
November 2021,2020/21,est,112.16,120.88,49.01,48.41,97.45,89.28,73.9
November 2021,2021/22,proj,121.79,124.1,46.62,46.61,89.28,86.93,70.0
December 2021,2019/20,est,120.99,103.07,40.81,41.17,79.7,97.28,94.4
December 2021,2020/21,est,111.7,120.92,49.01,48.46,97.28,88.58,73.3
December 2021,2021/22,proj,121.57,124.27,46.94,46.95,88.58,85.73,69.0
January 2022,2019/20,est,120.99,103.07,40.81,41.16,79.7,97.3,94.4
January 2022,2020/21,est,111.7,120.87,49.01,48.69,97.3,88.41,73.1
January 2022,2021/22,proj,120.96,124.24,46.56,46.56,88.41,85.01,68.4
February 2022,2019/20,est,121.01,103.22,40.7,41.16,80.09,97.47,94.4
February 2022,2020/21,est,111.79,121.01,49.13,48.69,97.47,88.66,73.3
February 2022,2021/22,proj,120.15,124.43,46.44,46.45,88.66,84.31,67.8
March 2022,2019/20,est,121.01,103.72,40.56,41.08,80.23,97.04,93.6
March 2022,2020/21,est,111.79,122.01,49.06,48.53,97.04,87.32,71.6
March 2022,2021/22,proj,119.85,124.54,46.28,46.27,87.32,82.57,66.3
April 2022,2019/20,est,121.02,103.73,40.56,41.08,80.23,97.05,93.6
April 2022,2020/21,est,111.81,122.01,49.06,48.53,97.05,87.35,71.6
April 2022,2021/22,proj,120.2,124.07,45.8,45.83,87.35,83.38,67.2
May 2022,2020/21,est,111.48,121.69,49.08,48.51,97.65,88.07,72.4
May 2022,2021/22,est,118.45,122.94,45.47,45.54,88.07,83.65,68.0
May 2022,2022/23,proj,121.06,121.99,47.56,47.56,83.65,82.82,67.9
June 2022,2020/21,est,111.48,121.69,49.08,48.51,97.65,88.07,72.4
June 2022,2021/22,est,116.94,121.69,44.64,45.17,88.07,82.95,68.2
June 2022,2022/23,proj,121.27,121.54,47.49,47.48,82.95,82.77,68.1
July 2022,2020/21,est,111.48,121.69,49.08,48.5,97.65,88.07,72.4
July 2022,2021/22,est,116.22,119.79,43.32,43.93,88.07,84.04,70.2
July 2022,2022/23,proj,120.07,119.92,46.37,46.38,84.04,84.26,70.3
August 2022,2020/21,est,111.37,121.68,49.08,48.49,97.79,88.11,72.4
August 2022,2021/22,est,115.96,119.22,42.98,43.29,88.11,84.72,71.1
August 2022,2022/23,proj,117.01,119.09,44.57,44.58,84.72,82.77,69.5
September 2022,2020/21,est,111.37,122.05,48.62,48.53,98.99,88.45,72.5
September 2022,2021/22,est,115.71,119.46,42.77,43.07,88.45,84.79,71.0
September 2022,2022/23,proj,118.45,118.63,44.61,44.58,84.79,84.75,71.4
October 2022,2020/21,est,111.47,123.13,48.69,48.71,98.39,86.77,70.5
October 2022,2021/22,est,115.54,117.37,42.88,42.94,86.77,85.26,72.6
October 2022,2022/23,proj,118.05,115.6,43.62,43.61,85.26,87.87,76.0
November 2022,2020/21,est,111.47,123.13,48.69,48.73,98.39,86.75,70.5
November 2022,2021/22,est,115.76,117.37,42.89,42.76,86.75,85.64,73.0
November 2022,2022/23,proj,116.43,114.95,43.22,43.2,85.64,87.27,75.9
December 2022,2020/21,est,111.47,123.16,48.69,48.73,98.39,86.73,70.4
December 2022,2021/22,est,115.73,117.4,42.89,42.86,86.73,85.44,72.8
December 2022,2022/23,proj,115.73,111.7,42.27,42.25,85.44,89.56,80.2
